ensemblID	baseMean	log2FoldChange	lfcSE	pvalue	padj	Symbol	UHR_Rep1	UHR_Rep2	UHR_Rep3	HBR_Rep1	HBR_Rep2	HBR_Rep3
ERCC-00130	14196.1300033614	2.05248919860385	0.0402012934106753	0	0	ERCC-00130	34882	22442	28573	4042	5337	4382
ERCC-00004	1858.91861461876	2.37680571281586	0.0648525155206742	5.75303722987661e-295	1.2915568581073e-292	ERCC-00004	4590	3332	3690	455	538	497
ENSG00000100321	538.978739067744	-4.81288791513741	0.141681302993897	8.24188209199241e-254	1.2335350197682e-251	SYNGR1	51	46	41	756	987	853
ENSG00000128245	815.646606163744	-2.65104402198982	0.0787928214112265	5.36060329367974e-249	6.01727719715551e-247	YWHAH	332	217	290	1024	1351	1139
ENSG00000100167	528.365637595752	-4.67016553294714	0.13907475164037	6.67045388529595e-248	5.99006758899576e-246	SEPT3	55	39	55	738	917	876
ENSG00000225783	416.512176531145	-4.09025372306067	0.13628195236969	8.43977936305076e-199	6.31576822334965e-197	MIAT	64	46	62	600	683	670
ERCC-00136	903.979093201951	2.1959647909518	0.0770699466559231	2.75737594603979e-179	1.76865971395981e-177	ERCC-00136	2222	1529	1798	259	302	243
ENSG00000241973	792.360370589021	-2.22480596510282	0.081462368830786	2.58150012598749e-165	1.44886694571048e-163	PI4KA	385	297	355	1043	1163	1033
ENSG00000100316	1670.15490888566	1.54099095913781	0.0589398543046176	3.82273369763028e-151	1.90711936692888e-149	RPL3	3988	2378	3021	653	754	716
ENSG00000184702	382.528453598601	-2.91756120827272	0.112103100610602	3.7237598065226e-150	1.67196815312865e-148	SEPT5	137	96	101	493	642	551
ENSG00000183741	608.826332262673	-2.04177931228226	0.0830076463642012	2.67139406630789e-134	1.09041448706568e-132	CBX6	358	234	298	736	873	828
ENSG00000100095	276.042348393326	-5.40864185552909	0.229066014348311	1.49968546737806e-123	5.61132312377291e-122	SEZ6L	15	13	19	393	499	452
ERCC-00002	19441.827777979	-0.938837470899986	0.0401418124603564	3.4633111612502e-121	1.19617439338565e-119	ERCC-00002	19987	12985	16992	18942	23626	21105
ENSG00000221890	268.779239245517	-3.36699299816205	0.144633268935122	6.1550949969481e-121	1.97402689544978e-119	NPTXR	68	59	49	383	442	392
ENSG00000251322	235.45296434881	-4.09589667658443	0.17561226601891	8.8622042558195e-121	2.6527531405753e-119	SHANK3	41	23	33	340	415	354
ENSG00000100345	1092.61833292444	1.58626897392763	0.0681878902257753	3.39972120482458e-120	9.54046763103898e-119	MYH9	2586	1552	2046	420	479	457
ENSG00000008735	284.487996614764	-5.7618022019377	0.250849540382321	5.24019458243509e-117	1.38402786324315e-115	MAPK8IP2	13	17	8	397	531	466
ENSG00000167074	225.692072419119	-3.93320975225079	0.17391610144589	6.00810441249142e-114	1.49868826733814e-112	TEF	43	32	28	331	382	340
ENSG00000100219	357.112333624826	2.77651984630724	0.1254280521781	3.98321749955445e-109	9.41297188052605e-108	XBP1	1016	619	720	64	91	71
ENSG00000100307	193.991960157879	-4.17864280152919	0.198854409496642	6.72175560229024e-99	1.50903413271416e-97	CBX7	24	24	27	261	355	302
ENSG00000128268	177.644969106811	-4.16519724948711	0.204903955322747	3.82525285392765e-92	8.17875491149293e-91	MGAT3	33	14	23	252	321	268
ENSG00000100427	188.818433642882	-5.27532677247847	0.26649168034273	1.9338665597031e-87	3.94684584230315e-86	MLC1	13	10	12	292	319	302
ERCC-00108	386.642880983923	2.18063653069265	0.115117579986224	9.3052029626747e-81	1.81653744793084e-79	ERCC-00108	923	614	834	109	111	125
ENSG00000128266	153.893481449206	-3.81294447344225	0.20381335645913	1.29121775474824e-78	2.41565321617483e-77	GNAZ	33	17	26	230	260	225
ENSG00000100285	148.826133154371	-3.87677968696909	0.211760131540072	1.16032161160507e-75	2.0839376144427e-74	NEFH	26	23	21	194	258	243
ERCC-00116	456.035918855585	2.05174860071562	0.112932516724893	1.67306773341877e-74	2.88925927809626e-73	ERCC-00116	1025	709	1007	150	144	143
ENSG00000100097	282.170463048991	2.27737878219049	0.128729629121353	1.17840328011899e-70	1.95964101027195e-69	LGALS1	720	441	602	75	88	76
ENSG00000100241	579.607595064022	-1.41063999947044	0.0797966112886419	2.44184721959891e-70	3.91567643428539e-69	SBF1	487	310	391	638	809	656
ENSG00000100297	176.565760903513	3.13438345650939	0.192895705350034	5.14968064391617e-60	7.97312623833918e-59	MCM5	513	271	422	26	30	33
ENSG00000099901	231.502975921164	2.24160184929615	0.139137104953508	5.51977248264539e-59	8.26125948235927e-58	RANBP1	581	389	464	54	75	71
ENSG00000130540	180.351113846821	-6.7471292853775	0.425435810425633	3.69140778471138e-56	5.34658740430777e-55	SULT4A1	4	5	3	283	324	281
ENSG00000100320	566.565435745174	-1.28000559071475	0.0818744342442014	1.65521624027585e-55	2.32247528713705e-54	RBFOX2	495	346	392	605	708	682
ENSG00000100353	303.721156141362	1.82232516393257	0.120349022709508	2.30870917217399e-52	3.14124369183673e-51	EIF3D	705	463	608	94	110	127
ENSG00000131100	324.31573747365	-1.56993670365784	0.104579127603407	1.7338692017125e-51	2.28972726932033e-50	ATP6V1E1	239	173	196	381	445	381
ENSG00000219438	94.7932861053033	-4.03244382473728	0.272500081654668	3.60499041464833e-50	4.62468770336315e-49	FAM19A5	17	14	9	136	157	151
ENSG00000128272	613.966894471575	1.16231921578301	0.0793071754550843	6.26634982726594e-49	7.81553075678447e-48	ATF4	1338	815	1048	288	350	305
ENSG00000100412	393.972875011852	-1.35199828809288	0.0931194907493052	3.49778511074228e-48	4.24460949925212e-47	ACO2	331	227	270	423	525	463
ENSG00000243156	273.583048917185	-1.69452143176934	0.118975781730968	1.43679598006607e-46	1.69768788170965e-45	MICAL3	187	119	176	294	378	371
ENSG00000100354	514.641656082676	-1.17167645562053	0.0831318166520373	2.10569559517435e-45	2.4242495441879e-44	TNRC6B	503	303	383	561	654	561
ENSG00000237517	91.3726325223762	-5.16364910426389	0.369208762437205	1.28533684950343e-44	1.4427906135676e-43	DGCR5	7	5	6	139	167	137
ENSG00000196419	694.772781242411	1.01820971736725	0.0756420259639413	1.45900376796727e-41	1.59778705321294e-40	XRCC6	1407	964	1110	360	409	370
ENSG00000166897	84.0662589080744	-3.38865515819585	0.255373646348822	7.21931595272699e-41	7.71779253041528e-40	ELFN2	19	9	26	115	148	121
ENSG00000100030	774.078084960068	-0.982018267750647	0.0735806379228238	7.85145529241384e-41	8.1983800611484e-40	MAPK1	821	486	652	734	940	891
ENSG00000167037	85.8284859192643	-5.65464953888672	0.439201613966676	6.68121874958936e-38	6.8178800421946e-37	SGSM1	4	3	5	128	161	131
ERCC-00092	148.228734691023	2.22493928323069	0.174451649679671	8.02412400904865e-38	8.00629262236188e-37	ERCC-00092	350	256	306	33	55	41
ENSG00000225465	105.694511661127	-6.37347759529076	0.494946725163836	1.54481654370692e-37	1.50787527853132e-36	RFPL1S	6	2	1	170	171	176
ENSG00000100242	372.900448032364	-1.28241580743182	0.100836588930452	2.2953071659748e-37	2.19275088834614e-36	SUN2	338	186	294	391	504	427
ENSG00000133424	139.207173323714	-2.01655802099156	0.163344194231116	1.19138625978143e-35	1.11444256383722e-34	LARGE1	78	48	79	165	202	190
ERCC-00003	1473.29623001092	-0.720780212227278	0.0592031600613644	3.1064758919291e-34	2.84654627648197e-33	ERCC-00003	1742	1098	1338	1451	1583	1518
ENSG00000100362	70.4999702309459	-3.07426164658288	0.258548554040641	2.58697138457721e-33	2.32310030335034e-32	PVALB	24	16	15	96	120	99
ENSG00000100100	87.4133678911751	-2.56232659583894	0.215776607662396	3.42323457762797e-33	3.01378887324502e-32	PIK3IP1	41	24	29	103	152	121
ENSG00000241878	167.848492266581	-1.61372061058006	0.141093558764315	9.02662397354107e-31	7.79414262330758e-30	PISD	132	81	96	184	231	217
ENSG00000100364	268.861404208649	-1.24442158017626	0.110152501244202	6.13550881624728e-30	5.19781784621703e-29	KIAA0930	250	160	187	297	345	300
ENSG00000183773	53.2584323698247	-3.96054653377792	0.363003920725146	2.06334851975949e-28	1.71563608402224e-27	AIFM3	7	7	9	80	76	91
ENSG00000100033	90.1839088626982	-2.23271018337892	0.204888707325795	2.4986308547403e-28	2.00336652460428e-27	PRODH	46	28	43	108	130	133
ENSG00000206195	70.1424771599639	3.96878557257459	0.363072640646421	2.49272678444719e-28	2.00336652460428e-27	DUXAP8	185	147	156	10	4	6
ERCC-00046	1590.73595727115	-0.656832756923977	0.0602219459668174	8.07685717130142e-28	6.36229626300761e-27	ERCC-00046	1905	1252	1468	1574	1670	1583
ENSG00000100077	195.932262604896	-1.43214669922863	0.133213851320348	2.10460798411301e-27	1.6292568704599e-26	GRK3	161	117	116	196	272	247
ENSG00000185666	49.4471166618472	-3.86387956879953	0.363083245877567	4.82504164779683e-27	3.6719384743403e-26	SYN3	9	6	8	64	98	71
ENSG00000040608	53.0760222747972	-3.25389193390733	0.307488184660125	8.79340805021769e-27	6.58040035757957e-26	RTN4R	18	8	11	69	91	81
ENSG00000138867	151.009536280117	1.70205556871524	0.160651468050121	1.00090037617075e-26	7.36728309673221e-26	GUCD1	379	212	286	59	59	57
ENSG00000100403	420.050486886513	-0.940278384574621	0.0891367918595213	3.18929097133971e-26	2.30966394537344e-25	ZC3H7B	442	280	357	403	510	465
ENSG00000182902	55.301616805876	-5.39387351333353	0.511745138243614	3.78008030655915e-26	2.69405723435724e-25	SLC25A18	1	3	5	88	104	77
ERCC-00113	4035.36718030708	-0.490164629439306	0.0468238828898611	1.044288212534e-25	7.32633449105884e-25	ERCC-00113	4933	3342	4272	3548	4295	3890
ENSG00000239900	121.748273510158	1.86618506522113	0.180177316663557	1.12787898459559e-25	7.79104098589877e-25	ADSL	316	183	226	40	44	45
ENSG00000099889	91.0641621789704	-1.9684582215333	0.198891360634379	1.24974905989227e-23	8.50208072563077e-23	ARVCF	68	31	40	116	132	115
ENSG00000211677	371.339813915626	12.9581656181385	3.12570112118692	3.53683200901853e-23	2.37020533141689e-22	IGLC2	1205	709	894	0	0	0
ENSG00000186732	81.2994433309817	-7.0998377079802	0.712609429135249	1.04556903582378e-22	6.90383083948348e-22	MPPED1	1	1	2	120	147	135
ENSG00000198832	55.9098365460626	-2.6207052672172	0.27327680024687	1.57704878623214e-22	1.02622450002642e-21	SELM	24	17	16	83	84	72
ENSG00000073150	40.6474426459988	-3.82502757613211	0.40090547313199	2.81630177347609e-22	1.80645642327252e-21	PANX2	6	7	6	52	65	72
ERCC-00043	912.533709942753	-0.631024630170847	0.0656715815390195	5.71058032038066e-22	3.61133882232523e-21	ERCC-00043	1089	725	866	854	979	923
ENSG00000100346	71.5647800451319	-6.91189770633205	0.715482091961463	1.74798413206885e-21	1.09006232680404e-20	CACNA1I	2	2	0	99	129	126
ENSG00000100330	203.346657943554	-1.16310236499464	0.124170328561726	3.67886185804778e-21	2.26275201953898e-20	MTMR3	197	121	152	210	258	234
ENSG00000185686	244.029667937685	12.2835268787279	3.06340510071267	5.74286130298918e-21	3.48451989870559e-20	PRAME	800	457	592	0	0	0
ENSG00000205593	58.7584394228035	-2.43486627852354	0.2639711848922	6.49622525129776e-21	3.88907351711026e-20	DENND6B	33	17	18	72	110	69
ENSG00000185133	38.7517174468549	-3.67095862556229	0.401893023829238	1.1859896138783e-20	7.00670179778103e-20	INPP5J	4	4	12	56	73	51
ENSG00000183628	45.7866548857378	-2.78098356413184	0.306314323934854	1.83444625778301e-20	1.06969658408386e-19	DGCR6	15	13	14	58	76	66
ENSG00000221963	136.640222454647	1.52464907356465	0.166846818528197	2.22151326921693e-20	1.27879417676718e-19	APOL6	328	189	251	63	54	56
ENSG00000172346	44.5581936746018	-5.65600172723743	0.613192449461309	3.75349896504594e-20	2.13331776620966e-19	CSDC2	4	2	0	68	89	62
ENSG00000128203	51.2854721323357	-2.69519603078425	0.301473237535974	7.0200207260542e-20	3.93998663249792e-19	ASPHD2	19	10	21	56	72	94
ENSG00000100234	384.272794610694	0.868584355996828	0.0957325638584432	7.88971501933719e-20	4.37343462183012e-19	TIMP3	793	484	598	190	253	234
ENSG00000198911	508.263390121294	-0.78185184328198	0.0871962779612895	2.25681565507835e-19	1.23574418186607e-18	SREBF2	572	343	491	452	634	524
ENSG00000128342	48.6064890214019	4.76019528660482	0.535556216395729	4.75346074815124e-19	2.57145045291555e-18	LIF	152	96	106	2	3	3
ENSG00000183864	186.154390203158	-1.18126336901223	0.133749162839254	4.96981754388415e-19	2.65648580619522e-18	TOB2	170	114	141	193	266	189
ENSG00000100129	371.272315426229	0.86041525728894	0.0975952271318241	7.89049197613999e-19	4.16803634974924e-18	EIF3L	731	459	611	207	233	214
ENSG00000100027	53.5366268558073	-2.32513434437556	0.268139978562218	1.00352839602165e-18	5.23935174201999e-18	YPEL1	31	15	20	61	96	69
ENSG00000100302	42.7169762952586	-2.74131705813881	0.318390855562551	1.19716883376159e-18	6.17849202711442e-18	RASD2	13	12	15	52	78	57
ENSG00000168135	41.498688381819	-5.79756581397284	0.663631954562486	3.53921849318714e-18	1.8058057993648e-17	KCNJ4	2	0	3	65	81	58
ENSG00000070413	283.981431067736	-0.96997899179583	0.112412581896831	3.83695795469483e-18	1.93572373219997e-17	DGCR2	297	163	262	294	341	303
ENSG00000279010	114.932097220877	-1.46067362932829	0.171598540033495	5.78600261413007e-18	2.88657241527156e-17	MIR4534	92	71	63	137	156	127
ENSG00000100075	91.5761207078606	1.75950858010647	0.210855708378258	2.352258697936e-17	1.16061995095963e-16	SLC25A1	208	126	201	26	44	33
ENSG00000100300	50.0860747149675	2.55184972605881	0.310911990737387	5.07880390102333e-17	2.4786771212603e-16	TSPO	131	82	110	12	10	13
ENSG00000169635	74.4229678893685	1.91800456427629	0.234429875099469	7.76245381923078e-17	3.74767931702647e-16	HIC2	207	106	138	26	24	26
ENSG00000185386	51.1916083081114	-2.2023786236741	0.272408544309182	1.15224549687664e-16	5.50381093720861e-16	MAPK11	21	20	25	56	82	73
ENSG00000130638	200.704465110709	-1.04635170213967	0.128984462964901	2.58418564316177e-16	1.22136774082067e-15	ATXN10	184	141	160	191	244	239
ENSG00000128340	39.8847527057181	3.07989718789098	0.385535627714586	3.56815826509941e-16	1.6688573552392e-15	RAC2	107	74	87	7	8	5
ENSG00000075218	45.8223614401039	5.32661338712122	0.654471717084355	5.07208921873711e-16	2.34780212289996e-15	GTSE1	134	92	109	2	2	1
ERCC-00095	67.6278992645735	1.89804673655989	0.240383565592628	8.63262577525252e-16	3.95515201335549e-15	ERCC-00095	165	112	125	20	30	20
ENSG00000211666	69.5293631297266	10.2264173750092	2.87262256270416	6.70378523996627e-15	3.04040360883319e-14	IGLV2-14	175	150	186	0	0	0
ENSG00000093009	61.7324456523872	10.0368579601431	2.85244645122035	1.93027747703342e-14	8.66694587188007e-14	CDC45	184	119	160	0	0	0
ENSG00000198792	194.577661305484	-0.958374829793021	0.126788092373898	2.35280972210559e-14	1.04595204477763e-13	TMEM184B	189	137	165	196	235	209
ENSG00000185340	54.8588226002825	-1.84555222091603	0.252474817700028	6.60308504600372e-14	2.90665214279968e-13	GAS2L1	31	22	34	73	77	64
ENSG00000100029	131.458218762361	1.21276214520997	0.164745680135323	8.60695854743201e-14	3.75196542504561e-13	PES1	252	192	240	62	73	60
ENSG00000273032	24.3221740664626	-4.72895671752979	0.642086207869822	1.0409703570561e-13	4.4941893299826e-13	DGCR9	3	0	3	39	42	36
ENSG00000099937	49.5560254998802	6.13517455909136	0.812245175462515	1.17934136870464e-13	5.04308832903221e-13	SERPIND1	150	100	117	1	2	0
ENSG00000099968	221.814237473572	-0.883452922243474	0.12011665245891	1.22495967739967e-13	5.14025135656497e-13	BCL2L13	233	158	191	199	269	251
ENSG00000100065	31.1458787989959	3.59890669539764	0.495044724179283	1.2201177843746e-13	5.14025135656497e-13	CARD10	84	65	66	1	5	5
ENSG00000214076	27.1320409963128	-3.00994778287556	0.419840924644109	1.2688013483081e-13	5.27492412398461e-13	CPSF1P1	6	5	10	40	40	40
ENSG00000100379	40.9986942130126	-2.25602897737919	0.314608320975974	1.63296833736355e-13	6.72663104106635e-13	KCTD17	26	15	11	38	69	65
ENSG00000100304	132.167483188815	1.21939741410559	0.168280364288751	2.12813040262545e-13	8.6866413707166e-13	TTLL12	261	203	226	52	89	56
ENSG00000100196	34.7466494771424	4.88995280719352	0.6693821174836	2.23250495501058e-13	9.03058310630405e-13	KDELR3	86	83	77	2	2	1
ENSG00000183765	32.152334437307	4.53419505014317	0.624150569695958	2.57875189044602e-13	1.03380321322345e-12	CHEK2	82	62	86	1	5	0
ENSG00000100106	75.4518206479075	1.63137377743544	0.230064085886692	4.07926776092987e-13	1.6208771899624e-12	TRIOBP	179	108	144	39	24	26
ENSG00000133466	33.4261125151775	2.85478912559278	0.405576598607862	4.3833198889361e-13	1.72641283344939e-12	C1QTNF6	89	60	72	6	4	9
ENSG00000075275	72.0361526530491	7.22383045266122	0.962635004018169	4.56511330758589e-13	1.78237902183136e-12	CELSR1	231	126	187	0	2	0
ENSG00000128159	227.492030954671	-0.835682143713954	0.116693623832962	5.43586432902854e-13	2.10405438252915e-12	TUBGCP6	256	162	194	228	276	224
ENSG00000161179	59.1989605180696	1.78985369511688	0.256481646609439	9.4701848861452e-13	3.63428462724717e-12	YDJC	152	79	121	16	25	24
ENSG00000100426	86.7459621867533	1.44556059978496	0.206482128268574	9.7621867196828e-13	3.71459477723524e-12	ZBED4	181	142	150	29	40	45
ERCC-00131	64.9165061174189	1.70602069112035	0.244287005757717	9.93201520842634e-13	3.74745783914574e-12	ERCC-00131	153	91	134	19	36	20
ERCC-00074	12354.8763657805	-0.343785725469901	0.0484366201362466	1.1990901832381e-12	4.48659576894922e-12	ERCC-00074	15684	11616	13175	10486	12406	11471
ENSG00000261675	27.3740451668588	-9.40694497032424	2.86820889336729	1.79431925862651e-12	6.65825906713475e-12	RP5-1119A7.17	0	0	0	40	55	42
ENSG00000100342	32.0776610838513	2.80077776406785	0.408720371204469	1.8300585109528e-12	6.73521533949023e-12	APOL1	78	60	72	4	9	6
ENSG00000100003	45.8162974697901	-1.86027366600435	0.273497548835729	2.59034250363579e-12	9.4558031230282e-12	SEC14L2	26	19	27	49	72	60
ENSG00000211679	36.9891005298789	9.18308870067882	2.76655700572687	2.77264943978129e-12	1.00396741811436e-11	IGLC3	125	65	92	0	0	0
ENSG00000182944	507.016287627545	0.631301036788063	0.0911671113307172	3.42221267653311e-12	1.22925879341069e-11	EWSR1	866	631	797	314	338	332
ENSG00000244509	26.9878962603085	3.50715605199413	0.518703082408115	4.17010846285067e-12	1.48601484112695e-11	APOBEC3C	82	47	60	4	3	3
ENSG00000138944	158.357780710344	-0.953227292809283	0.139263355743412	4.62788626402982e-12	1.63615821460582e-11	KIAA1644	160	109	133	147	203	173
ENSG00000070010	106.706379060748	1.21235770069716	0.179240142937294	6.66919518311353e-12	2.33942862282654e-11	UFD1L	228	162	170	42	65	52
ENSG00000280623	59.8630605738161	7.75565504079454	1.27619936487292	1.0459164953895e-11	3.64043803434019e-11	PCAT14	168	121	155	0	0	1
ENSG00000186976	20.0689466664967	-4.68882796662047	0.699886232127217	1.24402350809539e-11	4.29666580872945e-11	EFCAB6	3	0	2	29	36	32
ENSG00000184113	40.2347707817285	-7.7774353396791	1.28979663966457	1.40233239282998e-11	4.8064675143562e-11	CLDN5	0	1	0	60	85	56
ERCC-00112	201.250240880406	-0.845594071552704	0.126759063620344	1.66482246618263e-11	5.66291884330305e-11	ERCC-00112	214	158	163	180	244	222
ERCC-00062	36.4590038103122	2.31742711557749	0.355767557708238	1.73293205898514e-11	5.85027439461901e-11	ERCC-00062	96	57	78	13	12	4
ENSG00000186716	268.664749981461	-0.757326270915101	0.114125729710386	2.40702315219701e-11	8.06532384579447e-11	BCR	310	186	255	221	338	289
ENSG00000166862	21.3100572730768	-8.96761532846376	2.82507664872553	2.43735151943678e-11	8.10645060908973e-11	CACNG2	0	0	0	31	30	44
ENSG00000100028	143.92548465262	1.01885377855149	0.154860320332445	2.7445842316787e-11	9.06116411782158e-11	SNRPD3	277	199	245	62	85	88
ENSG00000100284	84.9633357659124	-1.2381989330857	0.189396160139331	2.8449820747701e-11	9.32406533993997e-11	TOM1	77	47	64	92	113	94
ENSG00000100181	46.2262137276095	1.86118583678083	0.289133825584517	3.4498214619242e-11	1.12244191043765e-10	TPTEP1	113	73	88	18	16	14
ENSG00000183307	21.603443793032	-2.90317941043414	0.459486287751272	5.24237356710843e-11	1.69339980692927e-10	CECR6	9	5	4	25	42	30
ERCC-00111	558.754141059311	-0.539348923400851	0.082630402408674	5.55893630704825e-11	1.78283028704619e-10	ERCC-00111	660	481	555	523	627	498
ENSG00000133454	26.9999391223207	8.62287639630396	2.70965747099001	6.10610948606772e-11	1.94442777251376e-10	MYO18B	71	68	58	0	0	0
ENSG00000099958	23.7151271411492	3.81717329305387	0.602821812628731	8.56470043686612e-11	2.70813415222034e-10	DERL3	67	39	62	2	1	4
ENSG00000100151	59.8810495660348	-1.52613497620748	0.242821640303494	1.02538224109403e-10	3.21955682693162e-10	PICK1	36	28	48	75	74	72
ENSG00000100239	174.455705888669	-0.889164939770098	0.145360093716302	6.10468961044168e-10	1.903476135478e-09	PPP6R2	182	122	152	138	210	220
ENSG00000100314	16.3582633639698	-3.65916948968858	0.617043164651711	6.83402328130136e-10	2.11619065745125e-09	CABP7	2	1	5	21	26	29
ENSG00000100031	29.5967693787773	2.28323889725104	0.38563085917391	8.17220477639511e-10	2.51323283876809e-09	GGT1	83	44	62	6	10	8
ERCC-00145	595.165399601372	-0.476413585515968	0.0784387658540664	1.11538679340323e-09	3.40686170229967e-09	ERCC-00145	773	490	608	486	690	558
ENSG00000159873	118.865217355664	1.0257354229328	0.171041186025923	1.15617994063532e-09	3.50759995503553e-09	CCDC117	255	173	172	66	74	53
ENSG00000100038	92.6863250785782	1.19090094394769	0.200484986102375	1.34857392800147e-09	4.06382344746751e-09	TOP3B	169	152	155	38	48	52
ENSG00000100399	21.8255786261567	-6.01132885644261	0.991762881676059	2.60888373635716e-09	7.75754170612163e-09	CHADL	1	1	0	32	37	38
ENSG00000278195	26.9126552597804	-2.1472551650535	0.377644915046694	2.59879461023308e-09	7.75754170612163e-09	SSTR3	13	11	11	28	35	47
ENSG00000240972	119.691484122282	1.07320622209084	0.183449246371237	2.68993939139767e-09	7.94593938643128e-09	MIF	230	135	248	61	70	59
ENSG00000272872	20.2172641290453	4.0532475365498	0.701588323778436	3.13193680241647e-09	9.19110865545749e-09	LL22NC03-N14H11.1	77	29	44	3	2	0
ENSG00000197182	58.4682757555836	-1.44251497621715	0.251166461411373	3.20286522021688e-09	9.33822392128167e-09	MIRLET7BHG	43	41	30	53	100	64
ENSG00000128191	129.885613015802	0.900943886617889	0.15828954642945	8.34215469131717e-09	2.41653384283962e-08	DGCR8	257	166	215	66	94	65
ENSG00000196236	72.5618034316149	1.19975960477079	0.213017099484583	8.73659045947041e-09	2.51456994634757e-08	XPNPEP3	150	106	124	30	41	37
ENSG00000184708	79.8013637030079	-1.10492808423674	0.198350322934046	1.23142682321466e-08	3.52172384473491e-08	EIF4ENIF1	67	58	60	88	96	87
ENSG00000100162	18.120203647781	4.20000801735611	0.760572402267122	1.85324226517165e-08	5.26649225988652e-08	CENPM	57	31	44	0	3	1
ENSG00000100023	116.959966129891	0.941310705143971	0.171425722427093	2.4651241023038e-08	6.96126240210317e-08	PPIL2	229	140	211	63	64	70
ENSG00000184792	88.7556977625866	-1.07605331590836	0.196915676991617	2.56015528749023e-08	7.18443577551945e-08	OSBP2	96	42	77	105	114	83
ENSG00000100276	9.93485912034882	-7.62847365081024	2.6947712161584	2.70556183445239e-08	7.54532461906287e-08	RASL10A	0	0	0	8	26	17
ENSG00000170638	52.0569572556889	1.35876692795377	0.254902174571594	4.10472355572321e-08	1.13766720772822e-07	TRABD	112	79	91	23	27	21
ENSG00000100368	17.8408911386526	2.96916515962904	0.571450885584635	5.10040260280313e-08	1.40495752678442e-07	CSF2RB	46	35	38	2	3	4
ENSG00000100292	37.0850647248787	1.65859173804907	0.317352758259175	5.72579939285013e-08	1.56761215084738e-07	HMOX1	82	51	81	13	18	12
ENSG00000100060	21.0466497125461	2.45769514855157	0.480203192254656	7.2454702738834e-08	1.97164615331736e-07	MFNG	69	28	43	4	5	6
ENSG00000198951	70.8737046126016	1.20178439258746	0.229975985464658	8.30389494373156e-08	2.24605351188884e-07	NAGA	139	104	127	22	35	48
ENSG00000183963	68.0158086211929	1.17687723930529	0.225685818589175	9.0959128579111e-08	2.44554782826472e-07	SMTN	135	85	136	32	36	34
ENSG00000099998	14.3481680712666	-2.88678374152841	0.573439527146666	1.06831472074565e-07	2.85519827151665e-07	GGT5	9	1	2	19	28	18
ENSG00000253352	381.099357785145	0.50407785392627	0.0963383676200363	1.46361762205954e-07	3.86567242532196e-07	TUG1	729	457	499	248	286	249
ERCC-00076	111.701768400745	-0.848446842540979	0.163629685063165	1.45932160657491e-07	3.86567242532196e-07	ERCC-00076	127	75	97	99	141	121
ENSG00000188636	195.095027849886	-0.671882059726093	0.130761499052331	2.17761772371246e-07	5.71783835056663e-07	LDOC1L	237	148	180	174	257	172
ENSG00000100351	18.6518538521746	5.12827931290754	0.987629530141826	2.47530819801011e-07	6.46170570294501e-07	GRAP2	55	39	42	1	0	1
ENSG00000205704	12.7797799724145	-5.93725374864924	1.32035369509774	2.87106633995292e-07	7.45149587652521e-07	LINC00634	0	1	0	27	14	20
ENSG00000093000	219.160479050498	0.611114885924346	0.12165411770407	4.11042379646231e-07	1.06067832448941e-06	NUP50	393	284	313	125	159	146
ENSG00000196588	101.444260225427	-0.885989305924599	0.180485189845271	5.85324377898747e-07	1.50177511815164e-06	MKL1	116	68	82	121	118	89
ENSG00000100422	233.757458551177	-0.588210581284261	0.118799231718442	6.04039662955714e-07	1.54098754924498e-06	CERK	284	180	235	203	240	256
ENSG00000128285	10.5646120672921	-3.87844845753939	0.82929868231521	6.4025089067667e-07	1.62413926504986e-06	MCHR1	0	3	1	12	21	17
ENSG00000099960	12.0267760718528	-5.07637472204657	1.02839690944734	6.71143947629713e-07	1.68462780034549e-06	SLC7A4	1	0	1	19	25	15
ENSG00000241360	15.4422987361311	-2.30335028092276	0.49527196153615	6.71599947131053e-07	1.68462780034549e-06	PDXP	8	4	6	20	23	22
ENSG00000133519	10.5425622251832	-3.888561311922	0.830207271126825	6.80632194758726e-07	1.69779919692593e-06	ZDHHC8P1	0	1	3	19	16	14
ENSG00000069998	64.3163783195526	1.15456137585677	0.239291890550767	7.16719457834238e-07	1.77793942855013e-06	CECR5	123	76	137	25	40	33
ENSG00000234965	11.0591445437578	-4.36876846667697	0.926783319836029	7.93136897670955e-07	1.9566948739245e-06	SHISA8	0	0	3	22	23	8
ENSG00000100146	102.815318974825	-0.828540649250896	0.171118596568697	8.78536268018189e-07	2.15553434065665e-06	SOX10	116	72	89	87	131	113
ENSG00000100325	59.9089377286928	1.10345691027889	0.233135687461177	1.17397101128412e-06	2.86474447862266e-06	ASCC2	121	77	111	29	33	31
ENSG00000183785	9.87662230101737	-5.52863453226181	1.32361626149911	1.53548014437833e-06	3.72665180986956e-06	TUBA8	0	1	0	16	16	16
ENSG00000184319	36.7903842689147	-1.35212212222581	0.297092801806182	2.05635624586213e-06	4.96399975479621e-06	RPL23AP82	26	19	30	32	53	49
ENSG00000128309	61.0412504017862	1.06698973638619	0.234440652054138	2.89125910760811e-06	6.94211411398952e-06	MPST	129	73	112	34	29	33
ERCC-00022	155.242564471941	-0.670393532120927	0.144864882697167	2.9074812868846e-06	6.94393137133609e-06	ERCC-00022	201	99	153	149	164	163
ENSG00000100410	54.5627151564783	1.16572378498453	0.258628745643702	3.2642757465647e-06	7.75481381062197e-06	PHF5A	132	75	82	33	33	16
ENSG00000100243	200.126075849626	0.567601785308708	0.124863846095349	4.63070483634427e-06	1.0943086692203e-05	CYB5R3	362	240	296	120	157	124
ENSG00000242247	97.0894968197349	0.845009197408916	0.187998047464701	4.68604218651325e-06	1.1015879276149e-05	ARFGAP3	193	145	129	56	67	48
ENSG00000099953	11.6775158483426	3.83815247594842	0.880521819478731	5.16685949979908e-06	1.20829162260926e-05	MMP11	37	20	27	1	0	2
ENSG00000100418	148.915975084947	-0.650943795726685	0.144700899429755	5.35020355793158e-06	1.24468466192294e-05	DESI1	178	126	128	123	179	154
ENSG00000100225	255.917773207932	0.573350519072462	0.127309348570554	5.46052011167442e-06	1.26380078873289e-05	FBXO7	417	356	357	154	168	185
ENSG00000099910	61.6293955374924	-0.975504488393509	0.220573261427905	5.60632086093511e-06	1.29089131618455e-05	KLHL22	58	41	54	56	75	74
ENSG00000128242	10.4249014866313	-2.6753140413763	0.655138319148781	7.54894804135044e-06	1.72932534212569e-05	GAL3ST1	3	3	3	17	13	15
ENSG00000283406	4.85005220266813	-6.23855861067637	2.58687104528135	7.84429949817318e-06	1.78786318511663e-05	DGCR5	0	0	0	6	7	11
ENSG00000100228	20.5252927521689	-1.66648145372344	0.400625141449445	9.21433987664382e-06	2.08951444677428e-05	RAB36	15	8	12	22	26	31
ENSG00000128335	116.386815363705	-0.710240782739095	0.163439123266345	1.01772784245581e-05	2.29628040835506e-05	APOL2	126	102	98	101	137	123
ENSG00000197077	137.077425579421	-0.645137053842009	0.148035923890367	1.03400272704367e-05	2.32133612221305e-05	KIAA1671	160	98	142	129	157	132
ENSG00000075234	40.4375508727961	1.20909999300063	0.285994925491844	1.11495054452337e-05	2.49061091786565e-05	TTC38	80	61	71	20	23	16
ENSG00000128228	20.7507683179139	1.79208460210718	0.439924950348155	1.3951599983784e-05	3.10112296669258e-05	SDF2L1	50	32	42	5	14	3
ENSG00000128165	11.0711473282023	4.28064619552218	1.02227455265051	1.71143341618192e-05	3.78538721116099e-05	ADM2	27	21	31	0	1	1
ENSG00000169184	65.6201834949476	0.9782090071497	0.234375591017407	1.72477959948813e-05	3.79620607926554e-05	MN1	116	86	123	44	34	29
ENSG00000179750	9.37494083684144	4.7804181026676	1.30798359347089	1.87859979736831e-05	4.11459175130913e-05	APOBEC3B	25	23	19	1	0	0
ENSG00000100216	91.9058019038001	0.772712900288236	0.184723569093426	2.0903230787168e-05	4.55609253564973e-05	TOMM22	174	109	155	51	67	50
ENSG00000100344	13.4302750389962	2.27689514847002	0.586205355249326	2.33821939658724e-05	5.07178989887763e-05	PNPLA3	31	25	28	5	3	2
ERCC-00078	42.8064337696829	-1.07205958466487	0.264338590557406	2.63489252616069e-05	5.6878208857988e-05	ERCC-00078	45	25	32	41	50	55
ENSG00000128311	37.0761166951816	1.21010272923364	0.302737895937959	3.02087856376971e-05	6.4898300245579e-05	TST	88	59	50	17	20	17
ENSG00000244486	13.486751413828	2.28516597494282	0.602026314544596	3.23522714510112e-05	6.91722375309716e-05	SCARF2	32	19	35	6	4	0
ENSG00000133460	42.4118104990803	-1.12584750814789	0.284073592506146	3.36795808993136e-05	7.16688712028047e-05	SLC2A11	26	35	33	49	53	43
ENSG00000099977	36.8272663496741	1.21282392299744	0.309492051237017	4.06625312873528e-05	8.61201723963273e-05	DDT	73	45	77	21	15	17
ENSG00000100347	76.2331301418211	0.841508806911395	0.212666298508848	5.00139976721045e-05	0.000105428567862793	SAMM50	140	119	104	43	42	48
ENSG00000100372	60.846131914287	0.892903732827628	0.230030514855917	6.60055338706281e-05	0.000138488246298654	SLC25A17	105	83	107	32	37	35
ENSG00000186998	12.7841174871587	-1.94273885792479	0.536361935455557	6.65379687773381e-05	0.000138956037121046	EMID1	8	4	6	11	17	24
ENSG00000183579	94.0939452002958	-0.709864438993865	0.183565136844196	7.9394838960666e-05	0.000165038345802495	ZNRF3	95	86	80	92	101	97
ENSG00000239713	12.8815311086628	2.06327960407379	0.573946187588461	8.04431931325633e-05	0.00016644697565217	APOBEC3G	38	22	21	4	4	3
ENSG00000273253	6.76943820613951	-3.16462101424266	0.897016241722941	8.54298008224366e-05	0.000175954039308597	RP3-402G11.26	2	0	2	12	11	8
ENSG00000169548	4.29329205532832	5.17702091820953	2.43272505757391	0.00010099671372018	0.000207066321736807	ZNF280A	9	10	12	0	0	0
ENSG00000100092	31.6819379897136	1.19592628812965	0.324812108571543	0.000108780475602166	0.000222011061569876	SH3BP1	77	40	53	18	13	15
ENSG00000184117	168.972454200079	0.513739936310926	0.134746137932027	0.000119137688811856	0.000242048969577028	NIPSNAP1	305	199	243	103	122	120
ENSG00000183172	26.6350225693128	-1.22000766939791	0.336107254145794	0.00012528099186827	0.000253383627697538	SMDT1	23	14	21	24	38	33
ENSG00000100271	21.84202833295	-1.34565843927506	0.389950808229496	0.000204543477555842	0.000411838661087771	TTLL1	11	12	20	21	34	25
ENSG00000077942	65.1986806705909	0.793712833956533	0.219326841356554	0.000206861283192935	0.000414646054257267	FBLN1	117	85	108	40	45	32
ENSG00000100393	383.860527214542	-0.372212121325059	0.101182468052933	0.000218607051742972	0.000436242516589308	EP300	562	311	394	296	388	398
ENSG00000185608	51.3027577972316	0.869404981926043	0.242727238583013	0.000225073098647309	0.000447158501294874	MRPL40	105	64	83	27	33	29
ENSG00000271127	5.91451635328209	3.98997073799587	1.3542295601994	0.000296218925974295	0.00058591320600202	LL22NC03-N64E9.1	15	9	19	0	1	0
ENSG00000099954	99.0926074519322	-0.672997060494757	0.191373089233278	0.000327217827998022	0.000644389494610141	CECR2	111	77	94	107	80	113
ENSG00000188511	8.12004332506939	2.47116254513322	0.787298951305329	0.000389414311381113	0.000763524130175196	C22orf34	22	12	20	1	2	2
ENSG00000100280	252.733955058029	-0.38765033901227	0.110190188946947	0.000397887415783855	0.000776745433421526	AP1B1	340	223	257	217	254	242
ENSG00000272821	12.0987502570497	-1.68947737726585	0.529953161967176	0.000400024688994719	0.000777537166054671	CTA-384D8.36	10	2	8	15	20	13
ENSG00000100036	21.8530493225259	-1.23510180386493	0.375733573467634	0.00043588476954555	0.000843587334163586	SLC35E4	21	13	13	17	34	28
ENSG00000198355	78.7296318242334	0.673194917716878	0.195336332516009	0.000443104745596005	0.000853879960397453	PIM3	156	100	110	43	56	51
ERCC-00044	132.558459977146	-0.519203254715482	0.151196488436049	0.000514224554499459	0.000986695833206227	ERCC-00044	180	103	128	110	162	121
ENSG00000185022	42.133118966452	0.910474180152846	0.27283593008132	0.00052841064967173	0.00100960162426641	MAFF	90	57	62	27	25	19
ENSG00000100281	63.9795318703366	0.750932021278081	0.225031055912124	0.000611593172333872	0.00116358192533012	HMGXB4	112	93	94	29	42	46
ENSG00000133477	9.39597422184788	2.17176142715021	0.728828445052038	0.000620353688053833	0.00117526922335937	FAM83F	28	19	13	0	1	6
ENSG00000128274	13.0300390899785	1.65343953825951	0.53947660110897	0.000651685115040835	0.00122943956577031	A4GALT	34	20	23	7	5	2
ENSG00000100258	92.9995348855626	0.61279998807717	0.18388592137535	0.000699110878329534	0.00131339240322159	LMF2	161	106	156	51	68	63
ENSG00000242114	6.70671158883905	2.83975004535982	0.964333845683234	0.000757685556140685	0.0014175033946132	MTFP1	22	15	9	0	1	2
ENSG00000079974	54.9045756949427	-0.765352815376927	0.234878022473879	0.00077840921974329	0.00145023128491592	RABL2B	64	43	43	64	57	51
ERCC-00042	471.218036062085	0.296798373126865	0.0899551026504556	0.000913760712918824	0.00169536595082873	ERCC-00042	731	531	673	329	379	341
ENSG00000099999	49.0304644284968	-0.764512407101869	0.245471196338895	0.00127985735199343	0.00236483930471214	RNF215	54	36	44	54	61	40
ENSG00000235954	46.7709571974128	-0.815173043057259	0.264392521720367	0.00133430198761497	0.00245533439524229	TTC28-AS1	43	45	34	36	57	57
ENSG00000100142	13.8546681952153	-1.3651782202859	0.476286933783494	0.00149905381593389	0.0027472455647115	POLR2F	12	8	7	14	25	13
ENSG00000100359	131.737300959298	-0.47221075471819	0.150828828655719	0.00153762862285236	0.00280648476284842	SGSM3	171	99	145	114	152	118
ENSG00000099899	85.6776448221178	0.612087378481456	0.199548748651941	0.00177785826752798	0.00323181523125532	TRMT2A	179	83	137	52	73	44
ERCC-00170	7.54185371301431	2.02425412626583	0.757390191786682	0.00179413402018762	0.0032482507059042	ERCC-00170	18	14	15	1	2	3
ENSG00000100413	111.205429330475	-0.515419039009998	0.167759538114501	0.00181256582786921	0.00326844199483243	POLR3H	150	82	112	113	104	108
ENSG00000224086	13.4922371775176	-1.41695934566163	0.516200563311853	0.00190401204952927	0.00341960564095457	LL22NC03-86G7.1	6	12	6	13	26	12
ENSG00000100324	77.5767488353236	-0.626504818055929	0.207758068211023	0.00198177222621516	0.0035450825879307	TAB1	77	63	83	89	77	67
ERCC-00165	42.2894128536672	-0.783734285232925	0.266827814410099	0.00230682912050748	0.00411018363138039	ERCC-00165	51	28	37	33	64	40
ENSG00000100068	12.4681035181681	1.43486242780667	0.529843026411671	0.00237531345707688	0.00421547724200601	LRP5L	30	17	24	7	4	4
ENSG00000283633	7.80244215639576	1.86574798428973	0.72117821245807	0.00251107010890315	0.00443886015313982	AC005301.9	18	13	17	1	4	2
ENSG00000130489	18.5169065332734	1.19035738522009	0.428463649730557	0.00256303295769956	0.00451294822747884	SCO2	39	24	37	5	16	6
ENSG00000184381	64.6710391030226	-0.633787304236657	0.217228382052688	0.00276577823856365	0.00485091573873077	PLA2G6	88	47	55	64	60	72
ENSG00000215193	165.894025321266	-0.401442235613681	0.136120292700791	0.00289067540621899	0.00505024613771334	PEX26	208	137	189	150	179	142
ENSG00000100078	3.80205642858677	3.10294850539972	1.42890065487239	0.00301969515851669	0.00525520591540307	PLA2G3	12	9	6	0	1	0
ENSG00000099904	82.0637912370648	-0.555485889943276	0.191508964573845	0.00304315278628487	0.00527558147120428	ZDHHC8	95	72	78	83	78	81
ENSG00000213923	285.116019075863	0.327746201982606	0.111679477637154	0.00315320481469765	0.00544534216076632	CSNK1E	513	296	390	218	211	197
ENSG00000100365	9.92186370242637	1.5703049354431	0.615456046813373	0.00336554407808714	0.00578976739870164	NCF4	24	18	16	3	7	1
ENSG00000099956	95.986233098208	0.513038663294397	0.179816781598286	0.00371013094929319	0.00635820151233832	SMARCB1	160	127	133	64	73	58
ENSG00000100335	149.339683024498	0.42369002326259	0.148136238420464	0.00386739103928605	0.00660250409368606	MIEF1	301	155	198	89	117	112
ENSG00000185252	60.5751408903202	0.621728408476304	0.220977002836073	0.00390365046824443	0.00663916310697633	ZNF74	110	76	90	37	39	41
ENSG00000100220	171.139805154564	0.390594221525754	0.13677052660711	0.00399034292181045	0.00676099612035053	RTCB	328	173	239	105	144	121
ENSG00000100105	95.9670700664462	0.504042842293262	0.179026002437828	0.00422258488900625	0.0071275962976083	PATZ1	184	110	132	70	70	56
ENSG00000184979	9.04645156251156	1.57392630902272	0.638218185127659	0.00429292741407368	0.0072191925427681	USP18	26	11	18	2	6	2
ENSG00000235111	4.73782933701236	2.67203590594737	1.14272735901948	0.00434430130789531	0.00727832569867535	RP1-29C18.8	14	11	7	1	0	1
ENSG00000099917	130.380705383945	0.428689141764443	0.152761186065064	0.0045413199596884	0.00758012141970294	MED15	231	138	196	87	103	86
ENSG00000100150	57.1127393331188	-0.611615045637248	0.225726000057212	0.00540966930066772	0.00899607968888818	DEPDC5	75	39	56	44	72	59
ENSG00000198089	94.0579426573568	-0.486879829675142	0.180928474724954	0.00609630628153451	0.0101005222155314	SFI1	106	80	103	94	90	88
ENSG00000242082	3.72341033889231	-2.27562910331738	1.1386411007619	0.00707456657270369	0.0116782367321469	RP1-90G24.10	1	2	0	3	10	4
ENSG00000198062	3.17226995057256	2.65359072773771	1.47232594449126	0.00723053037086587	0.0118919711960395	POTEH	7	5	10	0	0	1
ENSG00000213888	10.1474649725018	-1.29469056886991	0.560603656830261	0.00736685625750471	0.0120719651810935	LINC01521	6	9	4	11	13	13
ENSG00000100209	14.5233617036817	1.13541191770167	0.473474836578676	0.00777796351551147	0.0126992931580533	HSCB	37	23	18	5	7	9
ENSG00000025770	105.618149928438	0.436658522874249	0.167793909291194	0.00831788271026633	0.0135316280322811	NCAPH2	188	116	154	73	78	71
ENSG00000128284	13.2714131122129	1.18301554287072	0.519300817500945	0.00970760452187677	0.0157354311563995	APOL3	31	23	17	6	2	10
ENSG00000100201	1877.3216831308	-0.128781350978755	0.0502297631523003	0.0102289880772088	0.0165209195923264	DDX17	2766	1772	2196	1507	1772	1599
ENSG00000183066	6.23081157955167	-1.48605450810556	0.73696343855003	0.0120416623845911	0.0193788760239477	WBP2NL	5	4	1	10	8	6
ENSG00000100380	555.074000002861	0.208659201081369	0.0841026849892761	0.0127744291215768	0.0204847095556714	ST13	858	620	740	379	449	450
ERCC-00079	37.289069508017	-0.655666457476349	0.279655934346573	0.0144269521391318	0.0230523185425985	ERCC-00079	45	28	34	28	39	48
ENSG00000185838	20.7983133140735	0.871447492028663	0.387693528936537	0.0152535639823217	0.0242867029363916	GNB1L	36	34	31	12	16	7
ENSG00000250479	45.2704156256009	-0.58962397183092	0.252126148966502	0.0154277202462934	0.0244771957264513	CHCHD10	49	36	48	43	57	37
ENSG00000188677	103.081532991694	0.408564693251046	0.17310994702193	0.0165460669172216	0.0260673124415176	PARVB	165	133	139	69	84	66
ERCC-00060	135.770115893199	0.359182453782581	0.151541388572765	0.0164922247262066	0.0260673124415176	ERCC-00060	236	167	168	93	101	100
ENSG00000272720	3.74236868400774	-1.7686087746686	1.09813740094163	0.0190496800954884	0.0299066656044556	CTA-228A9.3	2	2	0	10	2	3
ENSG00000099940	69.1947731753108	0.464660525620415	0.205630342646785	0.0210529776934549	0.032936540015196	SNAP29	129	85	89	40	54	50
ENSG00000272977	9.73849909874956	-1.08935598968293	0.558604206091704	0.0228690530537135	0.0356534889622131	CTA-390C10.10	10	8	3	10	17	8
ENSG00000237037	7.94676294796599	-1.15498671862237	0.607163940139666	0.0230943709333895	0.0358801818307678	NDUFA6-AS1	5	5	6	6	12	11
ENSG00000100417	39.1319810531442	-0.599294967981956	0.277737012579285	0.0245406993056066	0.0379957723731634	PMM1	55	32	29	29	41	49
ENSG00000100034	141.419236722302	0.322847498968859	0.147108794894693	0.026597069600808	0.0410380902088068	PPM1F	238	159	193	86	111	115
ENSG00000070371	43.8159168374204	0.538554645950954	0.253904386217757	0.0284750955376826	0.0437853352617105	CLTCL1	82	51	64	26	33	29
ENSG00000100299	48.4030890312747	-0.519367105868112	0.246646736339248	0.0292652992307845	0.0448468237359122	ARSA	55	42	49	41	44	57
ENSG00000100206	4.81944513484512	1.41368891044456	0.857990287739967	0.0304915585901989	0.0465670401598616	DMC1	13	8	8	2	3	0
ENSG00000100416	87.9813166581905	0.386583828779268	0.182323174842702	0.0312084875981446	0.04750037603921	TRMU	166	97	115	59	67	63
ENSG00000100083	152.979226994099	0.297205079523121	0.139400700285948	0.0314988684875832	0.0477803782125839	GGA1	272	167	198	99	130	113
ENSG00000100084	31.3336521985835	0.631212751818566	0.308164013959409	0.031620790316175	0.047803821050379	HIRA	66	33	48	23	23	14
