GeneID	UHR_Rep1	UHR_Rep2	UHR_Rep3	HBR_Rep1	HBR_Rep2	HBR_Rep3
ENSG00000008735	13	17	8	397	531	466
ENSG00000015475	103	64	100	40	42	48
ENSG00000025708	46	16	26	13	11	19
ENSG00000025770	188	116	154	73	78	71
ENSG00000040608	18	8	11	69	91	81
ENSG00000054611	70	47	66	36	43	40
ENSG00000056487	12	13	7	11	10	4
ENSG00000063515	0	0	0	0	0	0
ENSG00000069998	123	76	137	25	40	33
ENSG00000070010	228	162	170	42	65	52
ENSG00000070371	82	51	64	26	33	29
ENSG00000070413	297	163	262	294	341	303
ENSG00000073146	0	4	0	3	5	1
ENSG00000073150	6	7	6	52	65	72
ENSG00000073169	62	29	64	46	54	30
ENSG00000075218	134	92	109	2	2	1
ENSG00000075234	80	61	71	20	23	16
ENSG00000075240	147	87	130	90	101	67
ENSG00000075275	231	126	187	0	2	0
ENSG00000077935	3	4	4	0	0	0
ENSG00000077942	117	85	108	40	45	32
ENSG00000079974	64	43	43	64	57	51
ENSG00000093000	393	284	313	125	159	146
ENSG00000093009	184	119	160	0	0	0
ENSG00000093010	189	105	168	78	98	80
ENSG00000093072	38	26	22	26	25	28
ENSG00000093100	1	1	1	3	5	4
ENSG00000099889	68	31	40	116	132	115
ENSG00000099899	179	83	137	52	73	44
ENSG00000099901	581	389	464	54	75	71
ENSG00000099904	95	72	78	83	78	81
ENSG00000099910	58	41	54	56	75	74
ENSG00000099917	231	138	196	87	103	86
ENSG00000099937	150	100	117	1	2	0
ENSG00000099940	129	85	89	40	54	50
ENSG00000099942	752	477	609	337	417	364
ENSG00000099949	263	164	204	112	139	107
ENSG00000099953	37	20	27	1	0	2
ENSG00000099954	111	77	94	107	80	113
ENSG00000099956	160	127	133	64	73	58
ENSG00000099957	20	14	24	18	14	15
ENSG00000099958	67	39	62	2	1	4
ENSG00000099960	1	0	1	19	25	15
ENSG00000099968	233	158	191	199	269	251
ENSG00000099974	2	1	4	1	1	1
ENSG00000099977	73	45	77	21	15	17
ENSG00000099984	0	0	0	0	0	0
ENSG00000099985	0	0	1	0	0	0
ENSG00000099991	466	264	346	257	284	270
ENSG00000099992	35	26	38	11	9	18
ENSG00000099994	11	14	10	8	8	7
ENSG00000099995	366	250	281	174	231	175
ENSG00000099998	9	1	2	19	28	18
ENSG00000099999	54	36	44	54	61	40
ENSG00000100003	26	19	27	49	72	60
ENSG00000100012	0	0	0	0	0	0
ENSG00000100014	160	89	101	66	82	73
ENSG00000100023	229	140	211	63	64	70
ENSG00000100024	1	4	1	0	1	1
ENSG00000100027	31	15	20	61	96	69
ENSG00000100028	277	199	245	62	85	88
ENSG00000100029	252	192	240	62	73	60
ENSG00000100030	821	486	652	734	940	891
ENSG00000100031	83	44	62	6	10	8
ENSG00000100033	46	28	43	108	130	133
ENSG00000100034	238	159	193	86	111	115
ENSG00000100036	21	13	13	17	34	28
ENSG00000100038	169	152	155	38	48	52
ENSG00000100053	0	0	0	0	0	0
ENSG00000100055	18	15	11	9	18	12
ENSG00000100056	78	39	65	46	51	37
ENSG00000100058	48	29	47	18	21	18
ENSG00000100060	69	28	43	4	5	6
ENSG00000100065	84	65	66	1	5	5
ENSG00000100068	30	17	24	7	4	4
ENSG00000100075	208	126	201	26	44	33
ENSG00000100077	161	117	116	196	272	247
ENSG00000100078	12	9	6	0	1	0
ENSG00000100079	2	1	1	0	0	0
ENSG00000100083	272	167	198	99	130	113
ENSG00000100084	66	33	48	23	23	14
ENSG00000100092	77	40	53	18	13	15
ENSG00000100095	15	13	19	393	499	452
ENSG00000100097	720	441	602	75	88	76
ENSG00000100099	291	185	242	107	165	167
ENSG00000100100	41	24	29	103	152	121
ENSG00000100101	0	0	0	0	0	0
ENSG00000100104	81	60	69	44	55	65
ENSG00000100105	184	110	132	70	70	56
ENSG00000100106	179	108	144	39	24	26
ENSG00000100109	161	83	105	61	87	49
ENSG00000100116	65	46	48	32	26	29
ENSG00000100121	0	0	0	0	0	0
ENSG00000100122	2	2	4	1	0	1
ENSG00000100124	87	43	69	26	46	45
ENSG00000100129	731	459	611	207	233	214
ENSG00000100138	353	210	281	165	197	176
ENSG00000100139	143	86	106	47	61	59
ENSG00000100142	12	8	7	14	25	13
ENSG00000100146	116	72	89	87	131	113
ENSG00000100147	32	17	24	6	14	14
ENSG00000100150	75	39	56	44	72	59
ENSG00000100151	36	28	48	75	74	72
ENSG00000100154	177	99	103	77	112	72
ENSG00000100156	0	1	0	1	3	1
ENSG00000100162	57	31	44	0	3	1
ENSG00000100167	55	39	55	738	917	876
ENSG00000100170	0	2	0	0	0	0
ENSG00000100181	113	73	88	18	16	14
ENSG00000100191	8	3	3	2	1	1
ENSG00000100196	86	83	77	2	2	1
ENSG00000100197	2	1	0	0	0	2
ENSG00000100201	2766	1772	2196	1507	1772	1599
ENSG00000100206	13	8	8	2	3	0
ENSG00000100207	454	278	348	203	254	205
ENSG00000100209	37	23	18	5	7	9
ENSG00000100211	29	18	30	8	18	17
ENSG00000100216	174	109	155	51	67	50
ENSG00000100218	0	0	0	3	4	2
ENSG00000100219	1016	619	720	64	91	71
ENSG00000100220	328	173	239	105	144	121
ENSG00000100221	252	197	204	142	152	127
ENSG00000100225	417	356	357	154	168	185
ENSG00000100226	312	163	228	133	169	132
ENSG00000100227	252	162	205	131	149	143
ENSG00000100228	15	8	12	22	26	31
ENSG00000100234	793	484	598	190	253	234
ENSG00000100239	182	122	152	138	210	220
ENSG00000100241	487	310	391	638	809	656
ENSG00000100242	338	186	294	391	504	427
ENSG00000100243	362	240	296	120	157	124
ENSG00000100246	46	17	26	19	40	33
ENSG00000100249	0	0	0	0	0	0
ENSG00000100253	1	0	1	0	0	0
ENSG00000100258	161	106	156	51	68	63
ENSG00000100263	67	51	58	22	35	23
ENSG00000100266	230	157	197	100	119	101
ENSG00000100271	11	12	20	21	34	25
ENSG00000100276	0	0	0	8	26	17
ENSG00000100280	340	223	257	217	254	242
ENSG00000100281	112	93	94	29	42	46
ENSG00000100284	77	47	64	92	113	94
ENSG00000100285	26	23	21	194	258	243
ENSG00000100288	12	15	11	6	9	9
ENSG00000100290	3	3	5	0	1	0
ENSG00000100292	82	51	81	13	18	12
ENSG00000100294	40	23	32	14	24	24
ENSG00000100296	195	119	135	67	112	57
ENSG00000100297	513	271	422	26	30	33
ENSG00000100298	0	0	0	0	0	0
ENSG00000100299	55	42	49	41	44	57
ENSG00000100300	131	82	110	12	10	13
ENSG00000100302	13	12	15	52	78	57
ENSG00000100304	261	203	226	52	89	56
ENSG00000100307	24	24	27	261	355	302
ENSG00000100311	38	24	41	30	41	26
ENSG00000100312	0	0	0	0	0	0
ENSG00000100314	2	1	5	21	26	29
ENSG00000100316	3988	2378	3021	653	754	716
ENSG00000100319	39	27	19	17	16	12
ENSG00000100320	495	346	392	605	708	682
ENSG00000100321	51	46	41	756	987	853
ENSG00000100324	77	63	83	89	77	67
ENSG00000100325	121	77	111	29	33	31
ENSG00000100330	197	121	152	210	258	234
ENSG00000100335	301	155	198	89	117	112
ENSG00000100336	9	4	4	9	5	7
ENSG00000100341	0	1	0	3	2	2
ENSG00000100342	78	60	72	4	9	6
ENSG00000100344	31	25	28	5	3	2
ENSG00000100345	2586	1552	2046	420	479	457
ENSG00000100346	2	2	0	99	129	126
ENSG00000100347	140	119	104	43	42	48
ENSG00000100348	75	43	34	27	40	35
ENSG00000100350	204	101	118	71	99	103
ENSG00000100351	55	39	42	1	0	1
ENSG00000100353	705	463	608	94	110	127
ENSG00000100354	503	303	383	561	654	561
ENSG00000100359	171	99	145	114	152	118
ENSG00000100360	72	47	60	48	53	54
ENSG00000100362	24	16	15	96	120	99
ENSG00000100364	250	160	187	297	345	300
ENSG00000100365	24	18	16	3	7	1
ENSG00000100368	46	35	38	2	3	4
ENSG00000100372	105	83	107	32	37	35
ENSG00000100373	2	1	1	0	0	0
ENSG00000100376	90	51	81	42	44	39
ENSG00000100379	26	15	11	38	69	65
ENSG00000100380	858	620	740	379	449	450
ENSG00000100385	6	4	4	1	0	0
ENSG00000100387	110	70	80	41	56	48
ENSG00000100393	562	311	394	296	388	398
ENSG00000100395	142	105	96	91	101	83
ENSG00000100399	1	1	0	32	37	38
ENSG00000100401	431	281	365	237	302	246
ENSG00000100403	442	280	357	403	510	465
ENSG00000100410	132	75	82	33	33	16
ENSG00000100412	331	227	270	423	525	463
ENSG00000100413	150	82	112	113	104	108
ENSG00000100416	166	97	115	59	67	63
ENSG00000100417	55	32	29	29	41	49
ENSG00000100418	178	126	128	123	179	154
ENSG00000100422	284	180	235	203	240	256
ENSG00000100425	164	107	140	80	100	95
ENSG00000100426	181	142	150	29	40	45
ENSG00000100427	13	10	12	292	319	302
ENSG00000100429	29	13	24	9	10	19
ENSG00000128159	256	162	194	228	276	224
ENSG00000128165	27	21	31	0	1	1
ENSG00000128185	93	45	80	41	39	35
ENSG00000128191	257	166	215	66	94	65
ENSG00000128203	19	10	21	56	72	94
ENSG00000128218	0	0	1	0	0	0
ENSG00000128228	50	32	42	5	14	3
ENSG00000128242	3	3	3	17	13	15
ENSG00000128245	332	217	290	1024	1351	1139
ENSG00000128250	0	0	0	0	0	0
ENSG00000128253	0	0	0	7	1	9
ENSG00000128254	1	0	0	0	1	2
ENSG00000128262	0	1	0	1	1	2
ENSG00000128266	33	17	26	230	260	225
ENSG00000128268	33	14	23	252	321	268
ENSG00000128271	1	0	0	1	3	0
ENSG00000128272	1338	815	1048	288	350	305
ENSG00000128274	34	20	23	7	5	2
ENSG00000128276	0	0	0	0	0	0
ENSG00000128283	140	74	120	62	96	62
ENSG00000128284	31	23	17	6	2	10
ENSG00000128285	0	3	1	12	21	17
ENSG00000128294	77	39	81	38	36	34
ENSG00000128298	11	5	6	0	7	2
ENSG00000128309	129	73	112	34	29	33
ENSG00000128310	0	1	0	0	0	1
ENSG00000128311	88	59	50	17	20	17
ENSG00000128313	0	0	0	0	0	0
ENSG00000128322	0	0	2	0	0	0
ENSG00000128335	126	102	98	101	137	123
ENSG00000128340	107	74	87	7	8	5
ENSG00000128342	152	96	106	2	3	3
ENSG00000128346	4	2	4	4	1	0
ENSG00000128383	0	0	0	0	0	0
ENSG00000128394	6	5	5	1	1	0
ENSG00000128408	12	8	3	0	3	1
ENSG00000130487	3	7	1	0	0	1
ENSG00000130489	39	24	37	5	16	6
ENSG00000130538	0	0	0	0	0	0
ENSG00000130540	4	5	3	283	324	281
ENSG00000130638	184	141	160	191	244	239
ENSG00000130943	0	1	0	1	0	1
ENSG00000131100	239	173	196	381	445	381
ENSG00000133422	150	88	144	72	85	55
ENSG00000133424	78	48	79	165	202	190
ENSG00000133433	4	3	3	3	0	3
ENSG00000133454	71	68	58	0	0	0
ENSG00000133460	26	35	33	49	53	43
ENSG00000133466	89	60	72	6	4	9
ENSG00000133475	1	1	0	0	0	0
ENSG00000133477	28	19	13	0	1	6
ENSG00000133488	2	1	4	0	0	0
ENSG00000133519	0	1	3	19	16	14
ENSG00000138867	379	212	286	59	59	57
ENSG00000138892	0	0	0	0	0	0
ENSG00000138942	115	94	103	63	109	75
ENSG00000138944	160	109	133	147	203	173
ENSG00000138964	27	26	18	15	13	11
ENSG00000159307	7	12	5	0	7	3
ENSG00000159496	0	3	1	0	2	0
ENSG00000159873	255	173	172	66	74	53
ENSG00000159958	11	9	11	5	2	3
ENSG00000161103	0	1	1	0	0	0
ENSG00000161132	0	1	0	0	2	0
ENSG00000161133	2	0	0	0	0	0
ENSG00000161149	10	8	8	5	6	10
ENSG00000161179	152	79	121	16	25	24
ENSG00000161180	5	2	1	2	0	1
ENSG00000166862	0	0	0	31	30	44
ENSG00000166897	19	9	26	115	148	121
ENSG00000167037	4	3	5	128	161	131
ENSG00000167065	18	14	9	8	9	15
ENSG00000167074	43	32	28	331	382	340
ENSG00000167077	4	1	2	1	1	1
ENSG00000168135	2	0	3	65	81	58
ENSG00000169184	116	86	123	44	34	29
ENSG00000169314	0	1	2	0	0	0
ENSG00000169548	9	10	12	0	0	0
ENSG00000169575	1	0	1	0	0	0
ENSG00000169635	207	106	138	26	24	26
ENSG00000169662	0	0	0	0	0	0
ENSG00000169668	0	0	0	0	0	0
ENSG00000170638	112	79	91	23	27	21
ENSG00000172250	0	0	0	2	1	0
ENSG00000172346	4	2	0	68	89	62
ENSG00000172404	0	0	0	0	0	0
ENSG00000172912	0	0	0	0	0	0
ENSG00000172967	1	1	6	0	0	0
ENSG00000175329	1	3	1	0	0	0
ENSG00000176177	2	0	3	0	0	0
ENSG00000176635	1	0	0	0	0	0
ENSG00000177096	6	3	5	9	2	4
ENSG00000177663	87	66	77	55	63	57
ENSG00000177989	7	7	7	3	8	2
ENSG00000177993	0	0	0	0	0	0
ENSG00000178026	20	19	21	18	25	22
ENSG00000178248	0	0	0	0	0	0
ENSG00000178803	0	2	0	0	0	0
ENSG00000179750	25	23	19	1	0	0
ENSG00000180150	0	0	0	0	0	0
ENSG00000180957	102	80	81	77	88	62
ENSG00000181123	0	0	0	0	0	0
ENSG00000182057	7	3	3	0	1	0
ENSG00000182257	1	1	0	2	0	1
ENSG00000182351	0	0	0	0	0	0
ENSG00000182541	94	56	80	46	69	49
ENSG00000182824	0	1	0	0	0	0
ENSG00000182841	57	41	39	23	30	22
ENSG00000182858	86	43	60	32	56	62
ENSG00000182902	1	3	5	88	104	77
ENSG00000182944	866	631	797	314	338	332
ENSG00000183066	5	4	1	10	8	6
ENSG00000183169	0	1	0	0	0	0
ENSG00000183172	23	14	21	24	38	33
ENSG00000183246	0	1	0	0	0	0
ENSG00000183307	9	5	4	25	42	30
ENSG00000183506	83	55	59	29	30	30
ENSG00000183530	408	280	326	211	265	225
ENSG00000183569	8	3	7	1	5	5
ENSG00000183579	95	86	80	92	101	97
ENSG00000183597	94	51	54	48	64	61
ENSG00000183628	15	13	14	58	76	66
ENSG00000183741	358	234	298	736	873	828
ENSG00000183762	75	57	69	50	62	35
ENSG00000183765	82	62	86	1	5	0
ENSG00000183773	7	7	9	80	76	91
ENSG00000183785	0	1	0	16	16	16
ENSG00000183822	0	0	0	0	0	0
ENSG00000183864	170	114	141	193	266	189
ENSG00000183963	135	85	136	32	36	34
ENSG00000184058	5	6	6	1	0	1
ENSG00000184068	3	0	1	2	2	2
ENSG00000184076	185	96	136	81	93	103
ENSG00000184113	0	1	0	60	85	56
ENSG00000184117	305	199	243	103	122	120
ENSG00000184164	64	57	50	30	39	40
ENSG00000184208	54	45	48	34	36	32
ENSG00000184319	26	19	30	32	53	49
ENSG00000184381	88	47	55	64	60	72
ENSG00000184436	92	73	85	34	54	36
ENSG00000184459	0	0	0	0	0	0
ENSG00000184470	67	57	65	38	44	34
ENSG00000184571	1	0	0	0	0	0
ENSG00000184624	0	1	0	0	0	0
ENSG00000184702	137	96	101	493	642	551
ENSG00000184708	67	58	60	88	96	87
ENSG00000184792	96	42	77	105	114	83
ENSG00000184949	37	37	20	14	9	12
ENSG00000184979	26	11	18	2	6	2
ENSG00000184983	163	106	124	60	95	73
ENSG00000185022	90	57	62	27	25	19
ENSG00000185065	1	6	2	3	4	1
ENSG00000185133	4	4	12	56	73	51
ENSG00000185252	110	76	90	37	39	41
ENSG00000185264	0	0	0	0	0	0
ENSG00000185339	56	47	42	18	25	23
ENSG00000185340	31	22	34	73	77	64
ENSG00000185386	21	20	25	56	82	73
ENSG00000185608	105	64	83	27	33	29
ENSG00000185651	459	298	328	203	238	195
ENSG00000185666	9	6	8	64	98	71
ENSG00000185686	800	457	592	0	0	0
ENSG00000185721	178	137	144	77	96	92
ENSG00000185837	1	1	0	0	0	1
ENSG00000185838	36	34	31	12	16	7
ENSG00000186575	435	294	331	195	257	229
ENSG00000186654	23	17	11	9	6	4
ENSG00000186716	310	186	255	221	338	289
ENSG00000186732	1	1	2	120	147	135
ENSG00000186951	182	136	129	63	96	79
ENSG00000186976	3	0	2	29	36	32
ENSG00000186998	8	4	6	11	17	24
ENSG00000187012	0	0	0	0	0	0
ENSG00000187045	3	1	2	0	0	0
ENSG00000187051	128	93	94	70	87	70
ENSG00000187792	79	47	39	25	47	31
ENSG00000187860	8	8	3	2	16	8
ENSG00000187905	0	0	1	0	1	0
ENSG00000187979	0	0	1	0	0	0
ENSG00000188064	9	7	14	6	10	6
ENSG00000188078	0	0	0	0	0	0
ENSG00000188130	101	64	107	52	52	54
ENSG00000188263	0	1	1	0	1	1
ENSG00000188280	0	1	0	0	0	0
ENSG00000188511	22	12	20	1	2	2
ENSG00000188636	237	148	180	174	257	172
ENSG00000188677	165	133	139	69	84	66
ENSG00000189060	251	162	186	103	145	109
ENSG00000189269	0	0	1	0	1	1
ENSG00000189295	0	0	0	0	0	0
ENSG00000189306	157	86	123	57	94	87
ENSG00000196236	150	106	124	30	41	37
ENSG00000196419	1407	964	1110	360	409	370
ENSG00000196431	0	1	1	1	0	0
ENSG00000196576	451	272	348	216	265	231
ENSG00000196588	116	68	82	121	118	89
ENSG00000197077	160	98	142	129	157	132
ENSG00000197182	43	41	30	53	100	64
ENSG00000197210	0	0	0	0	0	0
ENSG00000197421	0	0	1	0	0	0
ENSG00000197549	0	0	0	0	0	0
ENSG00000198062	7	5	10	0	0	1
ENSG00000198089	106	80	103	94	90	88
ENSG00000198125	9	7	8	0	1	0
ENSG00000198355	156	100	110	43	56	51
ENSG00000198445	1	0	0	0	0	0
ENSG00000198792	189	137	165	196	235	209
ENSG00000198832	24	17	16	83	84	72
ENSG00000198911	572	343	491	452	634	524
ENSG00000198951	139	104	127	22	35	48
ENSG00000199248	0	0	0	0	0	0
ENSG00000199515	0	0	0	0	0	0
ENSG00000199695	0	0	0	0	0	0
ENSG00000199783	0	0	0	0	0	0
ENSG00000199797	0	0	0	0	0	0
ENSG00000199865	0	0	0	0	0	0
ENSG00000200057	0	0	0	0	0	0
ENSG00000200332	0	0	0	0	0	0
ENSG00000200443	0	0	0	0	0	0
ENSG00000200448	0	0	0	0	0	0
ENSG00000200683	0	0	0	0	0	0
ENSG00000200871	0	0	0	0	0	0
ENSG00000200976	0	0	0	0	0	0
ENSG00000200985	0	0	0	0	0	0
ENSG00000201078	0	0	0	0	0	0
ENSG00000201209	0	0	0	0	0	0
ENSG00000201916	0	0	0	0	0	0
ENSG00000202019	0	0	0	0	0	0
ENSG00000202058	250	412	377	282	316	228
ENSG00000203280	0	0	0	0	1	1
ENSG00000203416	0	0	0	0	1	0
ENSG00000203527	0	0	0	0	0	0
ENSG00000203618	0	0	0	0	0	0
ENSG00000205559	0	0	0	3	1	0
ENSG00000205560	13	12	12	7	6	8
ENSG00000205593	33	17	18	72	110	69
ENSG00000205632	0	3	1	5	6	5
ENSG00000205634	4	2	1	3	3	1
ENSG00000205643	24	10	17	13	10	10
ENSG00000205702	1	2	6	2	6	4
ENSG00000205704	0	1	0	27	14	20
ENSG00000205853	0	1	3	2	3	1
ENSG00000205856	0	0	0	0	2	0
ENSG00000206028	0	0	1	0	0	0
ENSG00000206066	0	0	0	0	0	0
ENSG00000206069	0	0	0	0	0	0
ENSG00000206090	0	0	0	0	0	0
ENSG00000206140	1	3	0	0	1	6
ENSG00000206142	0	0	0	0	0	0
ENSG00000206145	0	1	1	3	2	1
ENSG00000206195	185	147	156	10	4	6
ENSG00000206203	0	0	1	0	0	0
ENSG00000206615	0	0	0	0	0	0
ENSG00000206739	0	0	0	0	0	0
ENSG00000206813	0	0	0	0	0	0
ENSG00000206841	0	0	0	0	0	0
ENSG00000207227	0	0	0	0	0	0
ENSG00000207343	0	0	0	0	0	0
ENSG00000207455	0	0	0	0	0	0
ENSG00000207457	0	0	0	0	0	0
ENSG00000207575	0	0	0	0	0	0
ENSG00000207696	0	0	0	0	0	0
ENSG00000207751	0	1	3	0	0	0
ENSG00000207780	0	0	0	0	0	0
ENSG00000207932	0	0	0	0	0	0
ENSG00000208023	0	0	0	0	0	0
ENSG00000209480	0	0	0	0	0	0
ENSG00000209482	0	0	0	0	0	0
ENSG00000211637	0	0	0	0	0	0
ENSG00000211638	0	0	0	0	0	0
ENSG00000211639	0	0	0	0	0	0
ENSG00000211640	1	0	0	0	0	0
ENSG00000211641	0	0	0	0	0	0
ENSG00000211642	0	0	0	0	0	0
ENSG00000211643	0	0	0	0	0	0
ENSG00000211644	0	1	0	1	1	0
ENSG00000211645	0	0	0	0	0	0
ENSG00000211647	0	0	0	0	0	0
ENSG00000211648	0	0	0	0	0	0
ENSG00000211649	0	0	0	0	0	0
ENSG00000211650	0	0	0	0	0	0
ENSG00000211651	0	0	0	0	0	0
ENSG00000211652	0	0	0	0	0	0
ENSG00000211653	0	0	0	0	0	0
ENSG00000211654	0	0	0	0	0	0
ENSG00000211655	0	0	0	0	0	0
ENSG00000211656	0	0	0	0	0	0
ENSG00000211657	0	0	0	0	0	0
ENSG00000211658	0	0	0	0	0	0
ENSG00000211659	0	0	0	0	0	0
ENSG00000211660	1	0	0	0	0	0
ENSG00000211661	0	0	0	0	0	0
ENSG00000211662	0	0	0	0	0	0
ENSG00000211663	0	0	0	0	0	0
ENSG00000211664	0	0	0	0	0	0
ENSG00000211665	0	0	0	0	0	0
ENSG00000211666	175	150	186	0	0	0
ENSG00000211667	0	0	0	0	0	0
ENSG00000211668	0	0	0	0	0	0
ENSG00000211669	0	0	0	0	0	0
ENSG00000211670	0	1	0	0	0	0
ENSG00000211672	0	0	0	0	0	0
ENSG00000211673	0	0	0	0	0	0
ENSG00000211674	0	0	0	0	0	0
ENSG00000211675	0	0	0	0	0	0
ENSG00000211676	0	0	0	0	0	0
ENSG00000211677	1205	709	894	0	0	0
ENSG00000211678	0	0	0	0	0	0
ENSG00000211679	125	65	92	0	0	0
ENSG00000211680	0	0	0	0	0	0
ENSG00000211681	0	0	0	0	0	0
ENSG00000211682	0	0	0	0	0	0
ENSG00000211683	1	1	1	0	2	0
ENSG00000211684	0	0	0	0	0	0
ENSG00000211685	8	3	4	0	0	0
ENSG00000212102	0	0	0	0	0	0
ENSG00000212216	0	0	0	0	0	0
ENSG00000212542	0	0	0	0	0	0
ENSG00000212569	0	0	0	0	0	0
ENSG00000212939	0	0	0	0	0	0
ENSG00000213279	5	1	3	0	0	0
ENSG00000213683	0	0	0	0	0	0
ENSG00000213707	9	10	6	1	2	2
ENSG00000213727	0	0	0	0	0	0
ENSG00000213752	0	0	0	0	0	0
ENSG00000213790	0	0	0	0	0	0
ENSG00000213857	0	0	0	0	0	0
ENSG00000213888	6	9	4	11	13	13
ENSG00000213923	513	296	390	218	211	197
ENSG00000214076	6	5	10	40	40	40
ENSG00000214093	1	0	1	0	0	0
ENSG00000214125	0	0	0	0	0	0
ENSG00000214161	0	0	0	0	0	0
ENSG00000214491	2	4	5	3	12	1
ENSG00000214526	0	0	0	0	0	0
ENSG00000214727	0	1	0	0	0	0
ENSG00000215012	207	145	167	82	123	98
ENSG00000215193	208	137	189	150	179	142
ENSG00000215268	0	2	0	0	0	0
ENSG00000215270	0	0	0	0	0	0
ENSG00000215333	0	1	0	0	0	0
ENSG00000215347	0	0	0	0	0	0
ENSG00000215403	0	0	0	0	0	0
ENSG00000215456	0	0	0	0	0	0
ENSG00000215464	0	0	0	0	0	0
ENSG00000215478	0	0	0	0	1	0
ENSG00000215481	4	2	6	1	1	2
ENSG00000215493	0	0	0	0	0	0
ENSG00000215498	0	1	0	0	0	0
ENSG00000215544	0	0	0	0	0	0
ENSG00000215568	0	0	0	0	0	0
ENSG00000215771	0	0	0	0	1	0
ENSG00000217261	0	0	0	0	0	0
ENSG00000217442	0	0	0	0	0	1
ENSG00000218357	0	0	0	0	0	0
ENSG00000218537	3	3	3	1	0	1
ENSG00000219438	17	14	9	136	157	151
ENSG00000220248	1	0	0	0	0	0
ENSG00000220702	0	0	0	0	0	0
ENSG00000220891	1	1	0	0	0	0
ENSG00000221039	0	0	0	0	0	0
ENSG00000221598	0	0	0	0	0	0
ENSG00000221760	0	0	0	0	0	0
ENSG00000221890	68	59	49	383	442	392
ENSG00000221963	328	189	251	63	54	56
ENSG00000222037	0	0	0	0	0	0
ENSG00000222044	0	2	0	0	0	0
ENSG00000222352	0	0	0	0	0	0
ENSG00000222585	0	0	0	0	0	0
ENSG00000222630	0	0	0	0	0	0
ENSG00000222698	0	0	0	0	0	0
ENSG00000222915	0	0	0	0	0	0
ENSG00000223056	0	1	0	0	0	0
ENSG00000223142	0	0	0	0	0	0
ENSG00000223350	0	0	0	0	0	0
ENSG00000223461	0	0	0	0	0	0
ENSG00000223553	1	1	1	2	2	1
ENSG00000223679	0	0	0	0	0	0
ENSG00000223695	0	0	0	0	0	0
ENSG00000223704	3	3	2	2	3	5
ENSG00000223726	0	0	0	0	0	0
ENSG00000223730	0	0	0	0	0	0
ENSG00000223831	0	0	0	0	0	0
ENSG00000223843	0	1	0	1	1	0
ENSG00000223875	1	0	0	0	0	0
ENSG00000223999	0	0	0	0	0	0
ENSG00000224003	8	3	3	2	5	3
ENSG00000224027	0	0	0	0	0	0
ENSG00000224050	0	0	0	0	0	0
ENSG00000224086	6	12	6	13	26	12
ENSG00000224124	0	0	0	0	0	0
ENSG00000224144	0	0	0	0	0	0
ENSG00000224192	0	0	0	0	0	0
ENSG00000224205	0	0	0	0	0	0
ENSG00000224256	0	0	0	0	0	0
ENSG00000224271	12	16	11	2	5	5
ENSG00000224277	0	0	0	0	0	0
ENSG00000224279	0	0	0	0	0	0
ENSG00000224334	0	1	0	0	0	0
ENSG00000224404	0	0	0	0	0	2
ENSG00000224435	1	0	0	0	0	0
ENSG00000224465	0	0	0	0	0	0
ENSG00000224688	0	0	0	0	0	0
ENSG00000224715	0	1	0	0	1	0
ENSG00000224794	0	0	0	0	0	0
ENSG00000224806	0	0	0	0	0	0
ENSG00000224856	0	0	0	0	0	0
ENSG00000224883	0	0	0	0	0	0
ENSG00000224973	0	1	0	0	0	0
ENSG00000225007	0	0	0	0	0	0
ENSG00000225098	0	0	0	0	0	0
ENSG00000225225	0	0	0	0	0	0
ENSG00000225255	2	0	0	0	0	0
ENSG00000225282	0	0	1	0	0	0
ENSG00000225293	0	0	0	0	0	0
ENSG00000225335	1	2	2	2	2	3
ENSG00000225413	0	0	0	0	0	0
ENSG00000225450	0	0	0	0	0	0
ENSG00000225465	6	2	1	170	171	176
ENSG00000225480	0	0	0	0	0	0
ENSG00000225528	7	0	7	0	0	0
ENSG00000225544	1	0	1	0	1	1
ENSG00000225557	0	0	0	0	0	0
ENSG00000225676	0	0	0	0	0	0
ENSG00000225720	0	0	0	0	0	0
ENSG00000225724	0	0	0	0	0	0
ENSG00000225741	0	0	0	0	0	0
ENSG00000225774	0	0	0	0	0	0
ENSG00000225783	64	46	62	600	683	670
ENSG00000225867	0	0	0	1	0	0
ENSG00000225929	0	1	0	0	1	0
ENSG00000225971	0	0	0	0	0	0
ENSG00000226024	0	0	0	0	0	0
ENSG00000226085	4	8	4	1	5	6
ENSG00000226142	0	0	0	0	0	0
ENSG00000226160	0	0	0	0	0	0
ENSG00000226169	0	0	0	0	0	0
ENSG00000226233	0	0	0	0	0	0
ENSG00000226287	0	1	5	5	8	1
ENSG00000226328	31	26	21	23	24	25
ENSG00000226336	0	0	0	0	0	0
ENSG00000226420	0	0	0	0	0	0
ENSG00000226444	0	0	0	0	0	0
ENSG00000226450	2	3	1	0	0	0
ENSG00000226471	5	6	9	1	4	2
ENSG00000226474	0	0	0	0	0	0
ENSG00000226477	0	0	0	0	0	0
ENSG00000226534	0	0	0	0	0	0
ENSG00000226573	0	0	0	0	0	0
ENSG00000226595	0	0	0	0	0	0
ENSG00000226738	0	0	0	0	0	0
ENSG00000226741	0	1	0	0	0	0
ENSG00000226772	0	0	0	0	0	0
ENSG00000226872	0	0	0	0	0	1
ENSG00000226885	0	0	0	0	0	0
ENSG00000226912	0	0	0	0	0	0
ENSG00000226954	0	0	0	0	0	0
ENSG00000226989	0	0	0	0	1	0
ENSG00000227009	0	0	0	0	0	0
ENSG00000227117	0	0	0	1	0	0
ENSG00000227188	0	0	0	0	0	0
ENSG00000227201	0	1	0	0	0	0
ENSG00000227367	0	0	0	0	0	0
ENSG00000227370	0	0	3	0	0	0
ENSG00000227413	0	0	0	0	0	0
ENSG00000227484	1	0	0	0	1	0
ENSG00000227519	0	0	0	0	0	0
ENSG00000227710	0	0	0	0	0	0
ENSG00000227755	1	0	0	0	1	0
ENSG00000227813	0	0	0	0	0	0
ENSG00000227838	2	0	0	0	0	0
ENSG00000227880	0	0	0	0	0	0
ENSG00000227895	0	0	0	0	0	0
ENSG00000228039	0	0	0	0	0	0
ENSG00000228045	0	0	0	0	0	0
ENSG00000228050	1	0	2	0	0	0
ENSG00000228122	0	0	0	0	0	0
ENSG00000228161	0	0	0	0	0	0
ENSG00000228194	0	0	0	0	0	0
ENSG00000228274	5	5	4	6	4	5
ENSG00000228315	5	1	2	2	2	7
ENSG00000228587	0	0	0	0	0	0
ENSG00000228599	0	0	0	0	0	0
ENSG00000228620	0	0	0	0	0	0
ENSG00000228622	0	0	0	0	0	0
ENSG00000228719	0	0	0	0	0	3
ENSG00000228807	0	0	0	0	0	0
ENSG00000228839	0	0	0	0	1	0
ENSG00000228923	0	1	0	0	0	0
ENSG00000229027	0	0	0	0	0	0
ENSG00000229088	0	1	0	0	0	0
ENSG00000229107	0	1	3	0	1	3
ENSG00000229169	0	0	0	0	0	0
ENSG00000229266	0	0	0	0	0	0
ENSG00000229275	0	0	0	0	0	0
ENSG00000229286	0	0	0	0	0	0
ENSG00000229409	0	0	0	0	0	0
ENSG00000229492	0	0	1	0	3	0
ENSG00000229598	0	0	0	0	0	0
ENSG00000229608	0	0	0	0	0	0
ENSG00000229658	0	1	0	0	0	0
ENSG00000229673	0	0	0	0	0	0
ENSG00000229770	0	0	0	1	0	0
ENSG00000229891	1	3	1	0	3	5
ENSG00000229955	1	1	0	0	0	0
ENSG00000229971	0	0	0	0	0	0
ENSG00000229999	0	0	0	0	0	0
ENSG00000230051	0	0	0	0	1	0
ENSG00000230071	7	4	10	1	2	0
ENSG00000230107	0	1	0	0	0	0
ENSG00000230120	0	0	0	0	0	0
ENSG00000230137	0	0	0	0	0	0
ENSG00000230149	4	3	0	0	0	0
ENSG00000230194	0	1	0	0	0	1
ENSG00000230203	0	0	0	0	0	0
ENSG00000230319	0	1	0	0	1	0
ENSG00000230345	0	0	0	0	0	0
ENSG00000230471	0	1	0	0	0	0
ENSG00000230481	0	0	0	0	0	0
ENSG00000230485	0	0	0	0	0	0
ENSG00000230513	5	0	4	4	2	2
ENSG00000230634	0	0	0	0	0	0
ENSG00000230637	0	0	0	0	0	0
ENSG00000230643	0	0	0	0	0	0
ENSG00000230701	8	5	10	2	3	4
ENSG00000230712	0	0	0	0	0	0
ENSG00000230736	0	0	0	0	0	0
ENSG00000230741	0	0	0	0	0	0
ENSG00000230769	4	1	0	1	1	3
ENSG00000230821	0	1	0	0	0	0
ENSG00000230866	0	0	0	0	0	0
ENSG00000230912	0	1	0	0	0	0
ENSG00000230922	2	1	1	1	4	0
ENSG00000230947	0	0	0	0	0	0
ENSG00000231004	0	0	0	0	0	0
ENSG00000231010	0	0	0	0	0	0
ENSG00000231086	0	1	1	0	0	0
ENSG00000231253	0	0	0	0	0	0
ENSG00000231261	0	0	0	0	0	0
ENSG00000231271	0	0	0	0	0	0
ENSG00000231369	0	0	0	0	0	0
ENSG00000231392	0	0	0	0	0	0
ENSG00000231405	0	0	0	0	0	0
ENSG00000231466	4	1	0	0	0	2
ENSG00000231467	0	0	0	0	0	0
ENSG00000231495	0	0	0	0	0	0
ENSG00000231565	0	1	0	0	0	0
ENSG00000231576	0	0	0	0	0	0
ENSG00000231711	7	4	8	5	12	7
ENSG00000231801	0	0	0	0	0	0
ENSG00000231907	0	1	0	0	1	0
ENSG00000231933	0	2	0	0	0	0
ENSG00000231993	0	0	0	0	0	0
ENSG00000232050	0	0	0	0	0	0
ENSG00000232073	0	0	0	0	0	0
ENSG00000232081	0	0	0	0	0	0
ENSG00000232218	0	0	0	0	0	0
ENSG00000232254	0	0	0	0	0	0
ENSG00000232305	0	0	0	0	0	0
ENSG00000232346	0	0	0	0	0	0
ENSG00000232350	0	0	0	0	0	0
ENSG00000232363	0	0	0	0	0	0
ENSG00000232396	0	0	0	0	0	0
ENSG00000232464	0	0	0	0	0	0
ENSG00000232515	0	0	0	0	0	0
ENSG00000232530	0	0	0	0	0	0
ENSG00000232545	3	1	0	0	1	1
ENSG00000232564	0	0	1	0	0	0
ENSG00000232603	0	0	0	0	0	0
ENSG00000232655	0	0	0	0	0	0
ENSG00000232707	0	0	0	0	0	0
ENSG00000232710	2	0	0	0	0	0
ENSG00000232754	0	0	0	0	0	0
ENSG00000232771	0	0	0	0	0	0
ENSG00000232775	0	0	0	0	0	0
ENSG00000232897	0	0	0	0	0	0
ENSG00000232926	2	1	0	0	0	1
ENSG00000233010	2	0	3	1	4	0
ENSG00000233080	3	2	1	0	0	0
ENSG00000233157	0	0	1	1	0	1
ENSG00000233179	0	0	0	0	0	0
ENSG00000233360	3	0	0	0	0	0
ENSG00000233388	3	0	4	0	0	0
ENSG00000233408	0	1	0	0	0	0
ENSG00000233471	0	0	0	0	0	0
ENSG00000233521	2	1	2	1	0	0
ENSG00000233574	0	0	0	0	0	0
ENSG00000233577	0	0	0	0	0	0
ENSG00000233603	0	0	0	0	0	0
ENSG00000233632	0	0	0	0	0	0
ENSG00000233720	0	0	0	0	0	0
ENSG00000233733	0	0	0	0	0	0
ENSG00000233739	0	0	0	0	0	0
ENSG00000233764	0	0	0	0	0	0
ENSG00000233866	0	0	0	0	0	0
ENSG00000233903	3	1	3	0	0	0
ENSG00000233995	0	0	0	0	0	0
ENSG00000234009	0	0	1	0	0	0
ENSG00000234121	0	0	0	0	0	0
ENSG00000234208	0	0	0	0	0	0
ENSG00000234300	0	0	0	0	0	0
ENSG00000234353	1	3	2	0	1	0
ENSG00000234381	0	0	0	0	0	0
ENSG00000234409	1	0	0	0	1	1
ENSG00000234479	0	0	0	0	0	0
ENSG00000234503	0	0	0	0	0	0
ENSG00000234626	0	0	0	0	0	0
ENSG00000234630	0	0	0	0	0	0
ENSG00000234688	0	0	0	3	0	4
ENSG00000234726	0	0	0	0	0	0
ENSG00000234735	0	0	0	0	0	0
ENSG00000234764	3	0	0	0	0	0
ENSG00000234869	0	6	1	0	0	0
ENSG00000234884	0	1	0	0	0	0
ENSG00000234891	0	0	0	0	1	0
ENSG00000234892	0	0	0	0	0	0
ENSG00000234913	0	2	2	1	9	3
ENSG00000234928	0	1	0	0	0	0
ENSG00000234965	0	0	3	22	23	8
ENSG00000234979	0	0	0	1	0	0
ENSG00000235062	0	0	0	0	0	0
ENSG00000235091	0	0	0	0	0	0
ENSG00000235111	14	11	7	1	0	1
ENSG00000235154	0	0	0	0	0	0
ENSG00000235159	2	0	1	1	1	1
ENSG00000235209	0	0	0	0	0	0
ENSG00000235237	0	0	0	0	0	0
ENSG00000235246	0	0	0	0	0	0
ENSG00000235271	0	0	0	0	0	0
ENSG00000235295	0	0	0	0	0	0
ENSG00000235328	0	0	0	0	0	0
ENSG00000235343	0	0	0	0	0	0
ENSG00000235347	0	0	0	0	0	0
ENSG00000235445	1	0	1	0	4	2
ENSG00000235478	0	0	0	2	3	1
ENSG00000235485	0	0	0	0	0	0
ENSG00000235513	1	1	2	5	6	5
ENSG00000235568	8	9	9	5	5	11
ENSG00000235573	0	0	0	0	0	0
ENSG00000235578	1	0	0	0	0	0
ENSG00000235617	0	0	0	0	0	0
ENSG00000235647	0	0	0	0	0	0
ENSG00000235689	0	0	0	0	0	0
ENSG00000235759	0	2	0	0	0	0
ENSG00000235776	0	0	1	0	0	0
ENSG00000235786	1	0	2	1	0	0
ENSG00000235954	43	45	34	36	57	57
ENSG00000235969	0	0	0	0	0	0
ENSG00000235989	0	1	0	0	3	0
ENSG00000235992	0	0	0	0	0	0
ENSG00000236003	0	0	0	0	0	0
ENSG00000236052	0	0	0	0	0	0
ENSG00000236054	0	1	1	0	0	0
ENSG00000236079	0	0	0	0	0	0
ENSG00000236097	0	0	0	0	0	0
ENSG00000236117	1	1	0	0	0	0
ENSG00000236118	0	0	0	0	0	0
ENSG00000236132	0	0	0	0	0	0
ENSG00000236235	0	0	0	0	0	0
ENSG00000236272	0	0	0	0	0	0
ENSG00000236323	0	0	0	0	0	0
ENSG00000236325	0	0	0	0	0	0
ENSG00000236464	0	0	0	0	0	0
ENSG00000236499	3	1	4	0	3	0
ENSG00000236540	0	0	0	0	0	0
ENSG00000236611	0	0	0	0	0	0
ENSG00000236641	0	0	0	0	0	0
ENSG00000236666	0	1	0	0	0	0
ENSG00000236670	6	1	11	4	3	3
ENSG00000236754	1	2	0	2	0	0
ENSG00000236794	0	0	0	0	0	0
ENSG00000236831	0	0	0	0	0	0
ENSG00000236850	18	6	5	9	9	10
ENSG00000236858	0	0	0	1	0	0
ENSG00000236867	0	0	0	0	0	0
ENSG00000236890	0	0	0	0	0	0
ENSG00000237015	0	0	0	0	0	0
ENSG00000237037	5	5	6	6	12	11
ENSG00000237127	0	0	0	0	0	0
ENSG00000237129	0	0	0	0	0	0
ENSG00000237214	0	0	0	0	0	0
ENSG00000237299	0	0	0	0	0	0
ENSG00000237316	0	0	0	0	0	0
ENSG00000237347	0	0	0	0	0	0
ENSG00000237358	0	0	0	0	0	0
ENSG00000237387	0	0	0	0	0	0
ENSG00000237406	4	3	3	3	3	0
ENSG00000237407	0	0	0	0	0	0
ENSG00000237428	0	0	0	0	0	0
ENSG00000237438	24	18	21	16	20	24
ENSG00000237439	0	0	0	0	0	0
ENSG00000237446	0	0	0	0	0	0
ENSG00000237472	0	0	0	0	0	0
ENSG00000237476	1	5	0	4	0	1
ENSG00000237517	7	5	6	139	167	137
ENSG00000237601	0	0	0	0	0	0
ENSG00000237668	0	0	0	0	0	0
ENSG00000237689	1	0	1	1	1	1
ENSG00000237835	0	0	0	0	0	0
ENSG00000237862	1	1	0	0	1	1
ENSG00000237948	0	1	0	0	0	0
ENSG00000237977	2	3	3	1	4	6
ENSG00000238120	3	0	0	0	0	0
ENSG00000238125	0	0	0	0	0	0
ENSG00000238153	0	0	0	0	0	0
ENSG00000238192	0	0	0	0	0	0
ENSG00000238195	0	0	0	0	0	0
ENSG00000238498	0	0	0	0	0	0
ENSG00000238584	0	0	0	0	0	0
ENSG00000238875	0	0	0	0	0	0
ENSG00000239127	0	0	0	0	0	0
ENSG00000239249	0	0	0	1	0	0
ENSG00000239282	5	3	2	9	7	4
ENSG00000239435	2	0	1	0	0	0
ENSG00000239446	0	0	0	0	0	0
ENSG00000239511	0	0	0	0	0	0
ENSG00000239547	0	0	0	0	0	0
ENSG00000239674	0	0	0	0	0	0
ENSG00000239713	38	22	21	4	4	3
ENSG00000239900	316	183	226	40	44	45
ENSG00000239989	0	0	0	0	0	0
ENSG00000240122	0	0	0	0	0	0
ENSG00000240160	0	0	0	0	0	0
ENSG00000240186	0	0	0	0	0	0
ENSG00000240591	1	1	0	0	0	1
ENSG00000240647	0	0	0	0	0	0
ENSG00000240972	230	135	248	61	70	59
ENSG00000241333	0	0	0	0	0	0
ENSG00000241360	8	4	6	20	23	22
ENSG00000241484	8	8	4	2	1	2
ENSG00000241527	0	1	0	0	0	0
ENSG00000241693	0	0	0	0	0	0
ENSG00000241717	0	1	0	2	2	4
ENSG00000241832	0	1	0	0	0	1
ENSG00000241838	2	2	2	0	0	0
ENSG00000241878	132	81	96	184	231	217
ENSG00000241954	0	0	0	0	0	0
ENSG00000241973	385	297	355	1043	1163	1033
ENSG00000241990	16	4	7	2	5	2
ENSG00000242082	1	2	0	3	10	4
ENSG00000242114	22	15	9	0	1	2
ENSG00000242156	0	0	0	0	0	0
ENSG00000242247	193	145	129	56	67	48
ENSG00000242251	0	0	0	0	0	0
ENSG00000242259	95	84	90	64	73	71
ENSG00000242876	0	0	1	0	0	2
ENSG00000243156	187	119	176	294	378	371
ENSG00000243453	1	0	1	0	0	0
ENSG00000243519	0	0	0	0	0	0
ENSG00000243762	2	3	2	0	0	1
ENSG00000243811	12	4	7	1	1	1
ENSG00000243902	0	0	0	2	3	3
ENSG00000244296	0	0	0	0	0	0
ENSG00000244425	0	0	0	0	0	0
ENSG00000244486	32	19	35	6	4	0
ENSG00000244491	0	2	0	0	0	0
ENSG00000244509	82	47	60	4	3	3
ENSG00000244625	4	7	4	2	4	4
ENSG00000244627	14	17	14	7	4	4
ENSG00000244671	1	0	0	0	0	0
ENSG00000244723	0	0	0	0	0	0
ENSG00000244752	0	2	0	0	1	0
ENSG00000248405	1	1	0	1	2	0
ENSG00000248409	0	0	0	0	0	0
ENSG00000248751	2	0	0	0	0	0
ENSG00000249222	2	0	0	0	3	0
ENSG00000249263	0	0	0	0	0	0
ENSG00000249288	0	0	0	0	0	0
ENSG00000249310	0	0	0	0	0	0
ENSG00000249333	0	0	0	0	0	0
ENSG00000249590	0	0	0	0	0	0
ENSG00000249680	0	0	0	0	0	0
ENSG00000249923	0	0	0	0	1	3
ENSG00000250261	0	0	0	0	0	0
ENSG00000250318	1	0	1	0	0	0
ENSG00000250470	0	0	0	0	0	0
ENSG00000250479	49	36	48	43	57	37
ENSG00000251322	41	23	33	340	415	354
ENSG00000251357	1	0	0	0	0	0
ENSG00000251890	0	0	0	0	0	0
ENSG00000251913	0	0	0	0	0	0
ENSG00000251940	0	0	0	0	0	0
ENSG00000251952	0	0	0	0	0	0
ENSG00000251985	0	0	0	0	0	0
ENSG00000252020	0	0	0	0	0	0
ENSG00000252143	0	0	0	0	0	0
ENSG00000252225	0	0	0	0	0	0
ENSG00000252267	0	0	0	0	0	0
ENSG00000252412	0	0	0	0	0	0
ENSG00000252603	0	0	0	0	0	0
ENSG00000252859	0	0	0	0	0	0
ENSG00000252909	0	0	0	0	0	0
ENSG00000253007	0	0	0	0	0	0
ENSG00000253120	0	0	0	0	0	0
ENSG00000253126	0	0	0	0	0	0
ENSG00000253152	0	0	0	0	0	0
ENSG00000253234	0	0	0	0	0	0
ENSG00000253239	0	0	0	0	0	0
ENSG00000253242	0	0	0	0	0	0
ENSG00000253329	0	0	0	0	0	0
ENSG00000253338	0	0	0	0	0	0
ENSG00000253352	729	457	499	248	286	249
ENSG00000253448	0	0	0	0	0	0
ENSG00000253451	0	0	0	0	0	0
ENSG00000253460	0	0	0	0	0	0
ENSG00000253481	0	0	0	0	0	0
ENSG00000253546	0	0	0	0	0	0
ENSG00000253590	0	0	0	0	0	0
ENSG00000253631	0	0	0	0	0	0
ENSG00000253637	0	0	0	0	0	0
ENSG00000253691	0	0	0	0	0	0
ENSG00000253752	0	0	0	0	0	0
ENSG00000253779	0	0	0	0	0	0
ENSG00000253786	0	0	0	0	0	0
ENSG00000253794	0	0	0	0	0	0
ENSG00000253818	0	0	0	0	0	0
ENSG00000253822	0	0	0	0	0	0
ENSG00000253823	0	0	0	0	0	0
ENSG00000253874	0	0	0	0	0	0
ENSG00000253889	0	0	0	0	0	0
ENSG00000253913	0	0	0	0	0	0
ENSG00000253920	0	0	0	0	0	0
ENSG00000253935	0	0	0	0	0	0
ENSG00000253963	0	0	0	0	0	0
ENSG00000254029	0	0	0	0	0	0
ENSG00000254030	0	0	0	0	0	0
ENSG00000254073	0	0	0	0	0	0
ENSG00000254075	0	0	0	0	0	0
ENSG00000254077	0	0	0	0	0	0
ENSG00000254127	0	0	0	0	0	0
ENSG00000254161	0	0	0	0	0	0
ENSG00000254175	0	0	0	0	0	0
ENSG00000254240	0	0	0	0	0	0
ENSG00000254264	0	0	0	0	0	0
ENSG00000254308	0	0	0	0	0	0
ENSG00000254355	0	0	0	0	0	0
ENSG00000254413	13	7	9	4	1	6
ENSG00000254499	0	0	0	0	0	0
ENSG00000254709	0	0	0	0	0	0
ENSG00000254835	0	0	0	0	0	0
ENSG00000255156	0	0	0	0	0	0
ENSG00000258555	1	0	0	0	0	1
ENSG00000259271	0	0	0	0	0	0
ENSG00000259421	0	0	0	0	0	0
ENSG00000260613	0	0	0	0	1	1
ENSG00000260708	14	12	15	2	6	12
ENSG00000260924	10	6	9	3	1	2
ENSG00000261188	26	13	17	14	23	12
ENSG00000261202	0	0	2	0	3	0
ENSG00000261251	1	3	5	3	2	4
ENSG00000261675	0	0	0	40	55	42
ENSG00000263366	0	0	0	0	0	0
ENSG00000263764	0	0	0	0	0	0
ENSG00000264073	0	0	0	0	0	0
ENSG00000264139	0	0	0	0	0	0
ENSG00000264141	0	0	0	0	0	0
ENSG00000264160	0	0	0	0	0	0
ENSG00000264346	0	0	0	0	0	0
ENSG00000264661	0	0	0	0	0	0
ENSG00000264757	0	0	0	0	0	0
ENSG00000264824	0	0	0	0	0	0
ENSG00000266012	0	0	0	0	0	0
ENSG00000266320	0	0	0	0	0	0
ENSG00000266503	0	0	0	0	0	0
ENSG00000266508	0	0	0	0	0	0
ENSG00000266533	0	0	0	0	0	0
ENSG00000266594	0	0	0	0	0	0
ENSG00000266887	0	0	0	0	0	0
ENSG00000267338	1	2	1	0	0	0
ENSG00000268292	0	0	0	0	0	0
ENSG00000268812	0	0	0	0	0	0
ENSG00000268818	0	0	0	0	0	0
ENSG00000269220	1	2	4	0	0	0
ENSG00000269972	0	0	0	0	0	0
ENSG00000269987	1	1	0	0	0	0
ENSG00000270022	16	3	10	5	2	4
ENSG00000270083	4	1	1	0	0	1
ENSG00000270226	0	0	0	0	0	0
ENSG00000270393	1	0	2	0	1	0
ENSG00000271093	0	0	0	0	0	0
ENSG00000271127	15	9	19	0	1	0
ENSG00000271138	0	0	0	0	0	0
ENSG00000271181	0	0	0	0	0	0
ENSG00000271275	0	0	0	0	0	0
ENSG00000271672	0	0	0	0	0	0
ENSG00000272578	11	8	3	2	3	5
ENSG00000272582	0	0	0	0	0	0
ENSG00000272600	0	0	0	0	0	0
ENSG00000272666	0	1	0	0	0	0
ENSG00000272669	1	6	3	1	0	0
ENSG00000272682	0	1	0	0	0	0
ENSG00000272689	2	1	1	0	1	1
ENSG00000272694	0	0	0	0	0	0
ENSG00000272720	2	2	0	10	2	3
ENSG00000272733	0	1	0	1	2	0
ENSG00000272779	17	8	10	9	12	6
ENSG00000272787	0	1	2	0	0	0
ENSG00000272798	0	0	0	0	0	0
ENSG00000272821	10	2	8	15	20	13
ENSG00000272829	1	1	0	0	0	1
ENSG00000272834	0	0	1	0	0	0
ENSG00000272836	0	0	0	0	0	0
ENSG00000272858	3	3	2	0	0	0
ENSG00000272872	77	29	44	3	2	0
ENSG00000272940	1	0	1	0	0	0
ENSG00000272942	0	0	1	0	0	0
ENSG00000272954	0	2	1	0	0	0
ENSG00000272973	2	0	2	0	6	1
ENSG00000272977	10	8	3	10	17	8
ENSG00000273000	3	2	0	0	0	0
ENSG00000273032	3	0	3	39	42	36
ENSG00000273044	0	0	0	0	0	0
ENSG00000273068	0	0	0	0	0	0
ENSG00000273076	0	0	0	0	0	0
ENSG00000273082	0	0	0	0	0	0
ENSG00000273096	0	0	0	0	0	0
ENSG00000273137	0	0	1	0	0	1
ENSG00000273139	1	0	2	3	3	1
ENSG00000273145	1	5	4	0	0	0
ENSG00000273164	0	0	0	2	2	2
ENSG00000273176	0	0	0	0	0	1
ENSG00000273188	0	0	0	2	6	1
ENSG00000273192	3	1	4	0	4	1
ENSG00000273203	3	2	4	7	6	3
ENSG00000273212	0	0	1	0	0	0
ENSG00000273214	0	1	0	0	0	0
ENSG00000273216	0	0	0	0	0	1
ENSG00000273243	2	1	2	1	0	0
ENSG00000273244	0	0	0	0	0	0
ENSG00000273253	2	0	2	12	11	8
ENSG00000273272	0	0	0	0	0	0
ENSG00000273287	0	0	0	1	2	0
ENSG00000273289	0	0	0	3	5	3
ENSG00000273295	27	20	23	9	11	10
ENSG00000273300	1	0	1	0	0	0
ENSG00000273311	17	6	14	4	10	12
ENSG00000273325	0	0	0	0	1	0
ENSG00000273342	1	1	0	0	0	0
ENSG00000273343	2	1	1	0	2	2
ENSG00000273350	0	1	0	1	2	1
ENSG00000273353	0	0	0	0	0	0
ENSG00000273362	0	0	0	0	0	0
ENSG00000273366	3	1	1	0	0	0
ENSG00000273387	3	2	2	4	2	1
ENSG00000273424	4	0	0	0	0	0
ENSG00000273428	0	0	0	0	0	0
ENSG00000273442	0	0	1	0	2	2
ENSG00000273643	0	0	0	0	0	0
ENSG00000273846	0	0	0	0	0	0
ENSG00000273866	0	0	0	0	0	0
ENSG00000273899	44	18	23	14	14	23
ENSG00000273907	0	0	0	0	0	0
ENSG00000273979	0	0	0	0	0	0
ENSG00000274044	0	0	0	0	0	0
ENSG00000274170	0	0	0	0	0	0
ENSG00000274252	0	0	0	0	0	0
ENSG00000274280	0	0	0	0	0	0
ENSG00000274342	0	0	0	0	0	0
ENSG00000274381	0	0	0	0	0	0
ENSG00000274422	2	4	0	2	0	1
ENSG00000274457	0	0	0	0	0	0
ENSG00000274552	0	0	0	0	0	0
ENSG00000274600	0	0	2	0	1	0
ENSG00000274602	48	25	30	17	9	18
ENSG00000274617	0	0	0	0	0	0
ENSG00000274625	0	0	0	0	0	0
ENSG00000274717	1	1	0	0	0	1
ENSG00000275004	62	52	42	27	37	37
ENSG00000275060	0	0	0	0	0	0
ENSG00000275293	0	0	0	0	0	0
ENSG00000275307	0	0	0	0	0	0
ENSG00000275319	0	0	0	0	0	0
ENSG00000275361	0	0	0	0	0	0
ENSG00000275362	0	0	0	0	0	0
ENSG00000275609	0	0	0	0	0	0
ENSG00000275635	0	0	0	0	0	0
ENSG00000275656	0	0	0	0	0	0
ENSG00000275772	0	0	0	0	0	0
ENSG00000275793	2	2	6	1	2	0
ENSG00000275818	0	0	0	0	0	0
ENSG00000275840	0	0	0	0	0	0
ENSG00000275942	0	0	0	0	0	0
ENSG00000276027	0	0	0	0	0	0
ENSG00000276057	0	0	0	0	0	0
ENSG00000276095	0	0	0	0	0	0
ENSG00000276138	0	0	0	0	0	0
ENSG00000276150	0	0	0	0	0	0
ENSG00000276160	0	0	0	0	0	0
ENSG00000276162	0	0	0	0	0	0
ENSG00000276400	0	0	0	0	0	0
ENSG00000276427	0	0	0	0	0	0
ENSG00000276664	0	0	0	0	0	0
ENSG00000276675	0	0	0	0	0	0
ENSG00000276753	0	0	0	0	0	0
ENSG00000276800	0	0	0	0	0	0
ENSG00000276871	0	0	0	0	0	0
ENSG00000276874	0	0	0	0	0	0
ENSG00000276950	0	1	1	0	0	0
ENSG00000276965	0	0	0	0	0	0
ENSG00000276991	0	0	0	0	0	0
ENSG00000277017	0	0	0	0	0	0
ENSG00000277232	1	0	2	1	1	3
ENSG00000277248	0	0	0	0	0	0
ENSG00000277385	0	0	0	0	0	0
ENSG00000277460	0	0	0	0	0	0
ENSG00000277690	0	0	0	0	0	0
ENSG00000277771	0	0	0	0	0	0
ENSG00000277870	0	0	0	0	0	0
ENSG00000277872	0	0	0	0	0	0
ENSG00000277941	0	0	0	0	0	0
ENSG00000277950	0	0	0	0	0	0
ENSG00000277971	0	0	0	0	0	0
ENSG00000278008	0	0	0	0	0	0
ENSG00000278044	0	0	0	0	0	0
ENSG00000278110	0	0	0	0	0	0
ENSG00000278188	0	0	0	0	0	0
ENSG00000278195	13	11	11	28	35	47
ENSG00000278196	0	0	0	0	0	0
ENSG00000278278	0	0	0	0	0	0
ENSG00000278292	0	0	0	0	0	0
ENSG00000278404	0	0	0	0	0	0
ENSG00000278420	0	0	0	0	0	0
ENSG00000278558	0	0	2	2	1	3
ENSG00000278655	0	0	0	0	0	0
ENSG00000278657	0	0	0	0	0	0
ENSG00000278667	0	0	0	0	0	0
ENSG00000278869	0	1	2	0	0	0
ENSG00000278881	0	0	0	0	0	0
ENSG00000278890	0	0	0	0	0	0
ENSG00000278920	2	5	2	0	0	0
ENSG00000278948	23	22	16	8	27	11
ENSG00000278960	0	0	0	0	0	0
ENSG00000279006	0	0	0	0	0	0
ENSG00000279010	92	71	63	137	156	127
ENSG00000279080	0	5	0	0	0	0
ENSG00000279085	0	2	0	0	0	0
ENSG00000279110	0	2	0	0	0	0
ENSG00000279159	6	12	1	2	5	2
ENSG00000279175	10	7	10	3	6	4
ENSG00000279182	0	0	0	0	1	0
ENSG00000279184	1	8	0	0	0	0
ENSG00000279217	0	3	0	0	0	0
ENSG00000279219	0	0	0	0	0	0
ENSG00000279278	0	2	0	0	0	0
ENSG00000279298	0	0	0	0	0	0
ENSG00000279345	0	0	0	0	0	0
ENSG00000279440	0	2	0	0	0	0
ENSG00000279442	0	2	0	0	0	0
ENSG00000279467	0	2	0	0	0	0
ENSG00000279494	0	0	0	0	0	0
ENSG00000279548	0	0	0	0	0	0
ENSG00000279560	0	0	0	0	0	0
ENSG00000279597	0	0	0	0	0	0
ENSG00000279642	0	0	0	0	0	0
ENSG00000279652	1	1	0	0	0	0
ENSG00000279699	0	1	1	1	3	0
ENSG00000279712	7	11	13	4	3	3
ENSG00000279714	0	0	0	0	0	0
ENSG00000279738	52	35	22	11	23	18
ENSG00000279805	0	0	0	1	0	1
ENSG00000279833	0	0	0	0	0	0
ENSG00000279848	0	0	0	0	0	0
ENSG00000279914	0	0	0	0	0	0
ENSG00000279920	0	0	0	0	0	0
ENSG00000279927	0	0	0	0	0	0
ENSG00000279933	0	0	0	0	0	0
ENSG00000279954	0	2	0	0	4	3
ENSG00000279973	0	0	0	0	0	0
ENSG00000279987	0	0	0	0	0	0
ENSG00000280007	3	8	1	1	3	0
ENSG00000280011	3	3	2	0	1	0
ENSG00000280025	0	2	0	0	0	0
ENSG00000280080	0	0	0	0	0	0
ENSG00000280156	0	16	1	1	1	1
ENSG00000280178	0	0	0	0	0	0
ENSG00000280199	0	2	0	0	0	0
ENSG00000280216	0	0	0	0	2	2
ENSG00000280224	0	1	0	0	0	0
ENSG00000280263	0	0	0	0	0	0
ENSG00000280312	1	0	0	1	1	0
ENSG00000280341	0	0	0	0	0	0
ENSG00000280356	2	2	2	0	0	0
ENSG00000280363	0	0	0	0	0	0
ENSG00000280383	30	10	27	15	19	13
ENSG00000280384	2	4	3	0	1	1
ENSG00000280395	0	0	0	1	0	0
ENSG00000280418	0	0	0	0	1	0
ENSG00000280424	1	3	1	2	0	0
ENSG00000280434	17	13	9	3	7	5
ENSG00000280445	1	0	0	0	0	0
ENSG00000280623	168	121	155	0	0	1
ENSG00000280968	0	0	0	0	0	0
ENSG00000281295	0	0	0	0	0	0
ENSG00000281530	2	2	4	2	0	4
ENSG00000281538	0	0	2	3	2	4
ENSG00000281548	0	0	0	0	0	0
ENSG00000281732	0	0	0	0	0	0
ENSG00000282012	0	0	0	0	0	0
ENSG00000282041	0	0	0	0	0	0
ENSG00000282602	1	0	0	0	0	0
ENSG00000282816	0	0	0	0	0	0
ENSG00000283023	0	0	0	0	0	0
ENSG00000283047	0	0	0	0	0	0
ENSG00000283145	0	0	0	0	0	0
ENSG00000283225	0	0	0	0	0	0
ENSG00000283366	0	0	0	4	4	3
ENSG00000283406	0	0	0	6	7	11
ENSG00000283438	0	0	0	1	0	0
ENSG00000283535	0	0	0	0	0	0
ENSG00000283583	0	0	0	0	0	0
ENSG00000283633	18	13	17	1	4	2
ERCC-00002	19987	12985	16992	18942	23626	21105
ERCC-00003	1742	1098	1338	1451	1583	1518
ERCC-00004	4590	3332	3690	455	538	497
ERCC-00009	692	477	554	319	389	354
ERCC-00012	1	0	0	0	0	0
ERCC-00013	2	2	0	0	0	0
ERCC-00014	10	2	8	13	10	4
ERCC-00016	0	0	0	0	0	0
ERCC-00017	0	0	1	0	0	0
ERCC-00019	13	11	12	3	5	2
ERCC-00022	201	99	153	149	164	163
ERCC-00024	0	0	0	0	0	0
ERCC-00025	133	97	107	80	79	60
ERCC-00028	6	8	5	2	0	0
ERCC-00031	4	0	0	0	1	4
ERCC-00033	0	0	3	0	0	0
ERCC-00034	19	7	18	8	16	12
ERCC-00035	128	65	101	47	78	57
ERCC-00039	4	3	1	1	1	3
ERCC-00040	0	0	1	0	0	0
ERCC-00041	0	0	0	0	1	1
ERCC-00042	731	531	673	329	379	341
ERCC-00043	1089	725	866	854	979	923
ERCC-00044	180	103	128	110	162	121
ERCC-00046	1905	1252	1468	1574	1670	1583
ERCC-00048	0	0	0	0	0	0
ERCC-00051	9	5	2	2	0	2
ERCC-00053	27	29	34	14	17	11
ERCC-00054	3	0	1	2	2	3
ERCC-00057	0	0	0	0	0	0
ERCC-00058	1	3	3	1	7	5
ERCC-00059	14	7	6	11	8	15
ERCC-00060	236	167	168	93	101	100
ERCC-00061	0	0	0	0	0	0
ERCC-00062	96	57	78	13	12	4
ERCC-00067	1	0	2	0	0	2
ERCC-00069	3	1	1	1	6	4
ERCC-00071	67	32	50	39	48	32
ERCC-00073	1	1	0	1	0	0
ERCC-00074	15684	11616	13175	10486	12406	11471
ERCC-00075	0	0	0	0	0	0
ERCC-00076	127	75	97	99	141	121
ERCC-00077	0	2	1	1	0	0
ERCC-00078	45	25	32	41	50	55
ERCC-00079	45	28	34	28	39	48
ERCC-00081	0	0	0	0	0	0
ERCC-00083	0	0	0	0	0	0
ERCC-00084	46	25	30	27	34	41
ERCC-00085	12	2	11	2	2	0
ERCC-00086	0	0	0	0	0	0
ERCC-00092	350	256	306	33	55	41
ERCC-00095	165	112	125	20	30	20
ERCC-00096	22003	14433	18202	10354	12858	11319
ERCC-00097	2	0	0	0	0	0
ERCC-00098	0	0	0	0	0	0
ERCC-00099	16	13	20	18	17	11
ERCC-00104	0	2	0	0	0	1
ERCC-00108	923	614	834	109	111	125
ERCC-00109	0	2	0	0	0	0
ERCC-00111	660	481	555	523	627	498
ERCC-00112	214	158	163	180	244	222
ERCC-00113	4933	3342	4272	3548	4295	3890
ERCC-00116	1025	709	1007	150	144	143
ERCC-00117	0	0	0	0	0	0
ERCC-00120	0	0	0	1	0	0
ERCC-00123	0	0	0	0	0	0
ERCC-00126	13	2	11	3	3	5
ERCC-00130	34882	22442	28573	4042	5337	4382
ERCC-00131	153	91	134	19	36	20
ERCC-00134	0	0	0	0	0	1
ERCC-00136	2222	1529	1798	259	302	243
ERCC-00137	1	2	0	0	0	0
ERCC-00138	0	1	0	1	0	0
ERCC-00142	0	1	0	0	0	0
ERCC-00143	4	5	3	0	3	1
ERCC-00144	10	5	4	1	1	4
ERCC-00145	773	490	608	486	690	558
ERCC-00147	0	0	0	0	0	0
ERCC-00148	3	1	5	1	0	5
ERCC-00150	2	4	0	0	3	1
ERCC-00154	1	7	4	1	0	1
ERCC-00156	0	0	0	0	0	0
ERCC-00157	13	12	12	11	9	15
ERCC-00158	1	1	2	0	0	2
ERCC-00160	13	9	10	8	21	14
ERCC-00162	50	37	33	28	22	27
ERCC-00163	6	4	9	5	7	13
ERCC-00164	0	0	0	0	1	0
ERCC-00165	51	28	37	33	64	40
ERCC-00168	0	1	0	2	1	1
ERCC-00170	18	14	15	1	2	3
ERCC-00171	1903	1336	1658	918	1252	1057
