id	feature	fc	pval	qval	gene_name	FPKM.UHR_Rep1	FPKM.UHR_Rep2	FPKM.UHR_Rep3	FPKM.HBR_Rep1	FPKM.HBR_Rep2	FPKM.HBR_Rep3
ENSG00000008735	gene	0.0141137030024001	0.000192991798025455	0.00307658448788992	MAPK8IP2	9.73328025402474	19.2578222030164	6.98853659684799	565.891856273513	617.562227950347	615.017047919505
ENSG00000015475	gene	1.57304800786475	0.00561692017417603	0.0259002430253673	BID	101.648194322762	92.5127309887539	118.967512767431	77.8829237424651	65.1786430303644	86.09917001417
ENSG00000025770	gene	1.47840787281768	0.024854621011926	0.0793435978457639	NCAPH2	302.197952470085	253.872391516619	272.718776193416	215.458903330168	180.719090670149	189.579531191516
ENSG00000040608	gene	0.103823132389127	0.000415959862746673	0.00480992156247208	RTN4R	23.6746173884397	18.6628070041929	16.8523780772686	185.146074113507	187.676849171309	191.866407498652
ENSG00000069998	gene	2.57656728938198	0.00682306212956596	0.0293427024224857	CECR5	111.688489946515	98.6189292797812	144.283127887156	44.875696042342	55.2857657463533	50.7049037743112
ENSG00000070010	gene	2.18391223383469	0.000992707198555598	0.00777308466793534	UFD1L	119.44135893647	122.397484155678	102.6702051606	42.5771207247024	51.1785292213828	48.3878763658425
ENSG00000070371	gene	1.52019930211298	0.0029384363149495	0.0163684707477053	CLTCL1	39.5940892002189	36.1406077661459	35.8917810576177	23.1987161641954	24.2431448524231	24.1249749958205
ENSG00000070413	gene	0.584798479791959	0.0059554677969722	0.0268461965574033	DGCR2	244.504690141659	195.495845545763	246.746203882426	453.129741500624	417.151819027475	410.368863914897
ENSG00000073150	gene	0.0789293974016849	0.00040285281755259	0.00480992156247208	PANX2	9.91769408317215	13.3205263346228	11.5800046015474	140.047677497743	147.474486232108	175.106533034172
ENSG00000075218	gene	75.6885931736498	0.00525953323146888	0.0246633479215772	GTSE1	144.122963993164	146.352580791608	133.355625983498	3.33252723620933	0	2.21554665723715
ENSG00000075234	gene	2.22954212805317	0.0104082568260218	0.0401807123981305	TTC38	103.68221468474	120.229039188373	109.250237599497	55.6150692638345	47.6242946064841	40.3201252168809
ENSG00000075275	gene	55.9895555248041	0.00145680280632066	0.0100762194103845	CELSR1	81.7159976143214	63.6805762769015	77.4390808981727	0	1.03511655911292	0
ENSG00000077935	gene	6.16433689315476	0.000877381168517766	0.00730066485270623	SMC1B	4.86126227016224	7.74279365953445	5.27130476205032	0	0	0
ENSG00000077942	gene	1.87206865102308	0.02898549662758	0.0891035637070051	FBLN1	72.006026385175	78.001637197941	80.5195223258751	46.5789778267673	43.0614798019218	32.529957654221
ENSG00000093000	gene	1.54077528825464	0.00141552075822926	0.00987295991033854	NUP50	209.484592420173	220.971578268574	196.958151963333	124.595655830368	129.808748932436	134.462213910916
ENSG00000093009	gene	303.25987639372	3.60601578597297e-07	0.000149649655117878	CDC45	316.595637784259	296.318586282853	296.350892335559	0	0	0
ENSG00000099889	gene	0.268061450612512	0.00736897777279921	0.0310469621899662	ARVCF	58.6475030160114	37.1041060284647	41.8090501693649	200.166401837395	169.200171181107	168.75650948728
ENSG00000099901	gene	4.96965579600382	0.000362757146699089	0.0044938571904514	RANBP1	552.991306086759	539.520035122025	526.943911248594	93.3513928122025	109.634574627001	114.765418971225
ENSG00000099904	gene	0.648755830538445	0.0406147492794218	0.11274328395291	ZDHHC8	84.6108899722122	90.0954918493324	71.5909277760736	135.618902660051	107.701198253519	118.336386481595
ENSG00000099910	gene	0.619459850606217	0.00463705169616779	0.0223764703942981	KLHL22	65.195533441455	62.0980833340508	73.232958490099	109.671087117305	112.931102219113	127.54999362204
ENSG00000099917	gene	1.49145689414654	0.020409621429137	0.0674899832118875	MED15	108.168629826971	92.6753767990168	103.694248136977	73.7932303274532	71.7549538995566	63.371712369867
ENSG00000099937	gene	89.2096632978002	0.0108264141907023	0.0406842098190497	SERPIND1	263.382917846063	250.195912159812	243.271837435958	0	5.51993291147669	0
ENSG00000099940	gene	1.34275441438989	0.00587819850974536	0.0266606817655117	SNAP29	114.514639038159	114.953446781345	95.5735940248334	68.9714134900061	77.916230488189	72.5135891235615
ENSG00000099942	gene	1.13789041021566	0.0343212981951226	0.101016586886354	CRKL	622.926453	572.025879	593.728327406761	542.098877	525.702393	526.566345
ENSG00000099953	gene	16.5568570481395	0.0246103590670304	0.0788671738441513	MMP11	30.6593367756955	24.913773109544	28.0735569374034	4.06198772488408	0	2.82352714509274
ENSG00000099956	gene	1.39233881218244	0.0484998326817068	0.128769727313335	SMARCB1	292.27990048287	326.075947154776	279.778941282547	224.04181873156	205.910864029827	175.145076110439
ENSG00000099958	gene	37.3407762857978	0.0217580637699234	0.0708203644275938	DERL3	86.0336758840885	69.55531596549	91.0410090555848	4.61784437381454	0	8.4055777118019
ENSG00000099960	gene	0.0143535592222383	0.000139088301621126	0.00274864977013178	SLC7A4	0	0	0	69.6820807625664	70.8539872141398	48.3670012141398
ENSG00000099968	gene	0.543545018646652	0.00388574329665392	0.0193123768636093	BCL2L13	137.324167767685	133.572708154529	126.972708985643	218.382867316236	241.437458978335	259.584519806186
ENSG00000099974	gene	2.05751078440325	0.0360737328947633	0.10468919026032	DDTL	84.60347	87.817352	156.105026	60.293888	66.077446	60.671177
ENSG00000099977	gene	2.20988903688318	0.00988159588441406	0.0386873801135079	DDT	215.495641646321	247.531661673702	259.835059402738	137.071407443811	101.177882690816	111.388365991443
ENSG00000099999	gene	0.645721496384693	0.0457310320918436	0.123637643766222	RNF215	25.4592998211596	23.8727712502824	24.4979262811559	43.4406291931476	40.4510666662274	31.7672821766755
ENSG00000100003	gene	0.278560300533436	0.000336614210608044	0.00429830453545656	SEC14L2	27.5840697577277	23.0845102342523	26.0293659086048	94.0292496384294	99.2053624810359	98.8819285406851
ENSG00000100014	gene	0.687987413660362	0.0404227244359221	0.112586782824884	SPECC1L	258.053599402922	231.883126084653	195.558508976379	306.93108526024	300.260610410431	329.927955134216
ENSG00000100023	gene	2.15914909418212	0.00164722419460384	0.0106812193868842	PPIL2	143.514785572826	123.325684044074	153.812118966749	80.3802837216065	62.1826058081888	79.2097503825792
ENSG00000100027	gene	0.173565775055844	0.00506675005117541	0.0238943326277022	YPEL1	25.3416886059834	15.1493809669001	17.984152170592	102.668477671122	134.13171249947	107.271249151496
ENSG00000100028	gene	2.11057256843319	0.00497812019271704	0.0236105129140294	SNRPD3	506.272632199292	508.93119697327	512.163254315645	228.026411780267	231.142206108884	285.254835756289
ENSG00000100029	gene	2.45307391216989	0.000765268238384631	0.00697991909735433	PES1	256.661151692561	278.841938300856	275.272655049594	113.110187154488	111.435632353961	100.338606377222
ENSG00000100030	gene	0.540663468186739	0.00252522869090754	0.0145551375934254	MAPK1	320.416281399612	278.576684234121	299.827857242502	545.725590505558	563.149776093419	602.393724960127
ENSG00000100031	gene	4.0143719893128	0.00623955424683043	0.027694278207857	GGT1	97.3548006265223	73.165031443843	74.4334734303112	14.5293298615246	21.2898900211998	19.9880158615246
ENSG00000100033	gene	0.248467139430248	6.86946728725157e-05	0.00187932149870942	PRODH	25.3141994381267	21.6596057601413	26.6484404392662	108.615702861212	106.225829947015	117.319444122151
ENSG00000100034	gene	1.32890059361036	0.0395373980592189	0.110865001314702	PPM1F	105.404254549241	103.755025220768	100.38373736507	72.7030823200436	74.0596337624715	86.713201610235
ENSG00000100036	gene	0.375761499111684	0.0342334628618342	0.101016586886354	SLC35E4	16.5876109817393	16.9132092628819	11.4089043966733	21.8596693729886	40.8444890159103	40.6026515201591
ENSG00000100038	gene	3.58379784940243	0.0101301656916515	0.0392898949722931	TOP3B	119.833344253727	137.785399853637	121.373847019575	31.913937465442	28.7965330932089	47.3763927548562
ENSG00000100055	gene	0.617890166861767	0.00147374647802789	0.0101091700558938	CYTH4	14.2101806838176	17.3838223619542	10.2445710545366	16.2702167437104	20.0222030024347	17.6496309435157
ENSG00000100058	gene	1.42146421188851	0.00927069540181513	0.03717235354351	CRYBB2P1	33.7575600638695	34.8073225052059	40.3370052557887	27.1846091425019	26.8505521661228	25.8364851710956
ENSG00000100060	gene	7.34631396687458	0.00302357591066182	0.0164275523930775	MFNG	105.371205542406	60.7555559119001	76.2521264280079	10.3081308974359	10.1584236055227	12.5590111242604
ENSG00000100068	gene	3.7526004864885	0.0376656058549349	0.107063194724644	LRP5L	35.5274029945115	25.5884574919868	28.1466510669594	14.5244712612514	5.1317624169045	8.3048293791438
ENSG00000100075	gene	3.60125718802925	0.00267655020269464	0.0153193716350917	SLC25A1	457.026922961832	404.857483035305	514.252680164122	116.005771004771	151.363147763359	131.559668166031
ENSG00000100077	gene	0.361896554840197	0.000896130111443072	0.00730066485270623	GRK3	79.4231355138128	83.5711645045684	68.6534874098678	179.794980221434	202.155132942277	213.075384175105
ENSG00000100078	gene	7.27317923929271	0.0303723404781691	0.0926803036650012	PLA2G3	20.928946	21.659445	12.905663	0	3.085428	0
ENSG00000100095	gene	0.0287209854001196	0.000156970951448399	0.00277710843299011	SEZ6L	9.44549245404952	12.4468139269828	14.2364901451951	470.250097540076	471.740489758008	484.765591883061
ENSG00000100097	gene	5.28708656242111	8.97562029962273e-05	0.00224596310589607	LGALS1	2884.49930227843	2582.75856755232	2808.57484661419	556.80735644222	539.345242837125	505.538141657871
ENSG00000100100	gene	0.1592781910171	0.000505764315865243	0.00541428275558958	PIK3IP1	49.6356781679369	40.8498012838371	38.2474964194481	240.612925849409	281.380060005782	250.317268017346
ENSG00000100106	gene	3.49208507172415	0.01000017760774	0.0389678282367332	TRIOBP	71.2662807221768	63.7722439852917	68.4342646671025	28.4078861903906	16.4386626546004	18.4734741347442
ENSG00000100129	gene	2.12790700554703	0.000701774804570343	0.00669509296314235	EIF3L	1242.96795348766	1097.01679850256	1193.19563384078	555.06478310824	562.080471920624	597.992487067505
ENSG00000100139	gene	1.39767102248752	0.018387956604763	0.062806600748779	MICALL1	108.459019920576	98.0099680385389	97.3785700805965	68.460314467996	70.809575719504	77.4486229825737
ENSG00000100151	gene	0.460634992797526	0.00410442195927752	0.0201578119893511	PICK1	45.6151365097232	46.3381276884008	65.3073967892931	155.104434539465	117.086443958819	137.229334781972
ENSG00000100167	gene	0.044049102618766	8.26736484860202e-06	0.000686191282433968	SEPT3	46.4314553103004	47.9329987941773	52.1243841190345	1133.16144844315	1153.06553861968	1240.12722658062
ENSG00000100181	gene	3.91341862875226	0.00182211181760639	0.0115446779283458	TPTEP1	52.795637901585	46.7529790656791	52.2675235811665	16.1624066690148	11.6844810642287	12.0437543463172
ENSG00000100196	gene	209.619654911434	1.33420541017504e-05	0.0008208964889508	KDELR3	197.02629920788	262.095004868844	210.479952809746	0	0	0
ENSG00000100216	gene	1.840582076517	0.00834004702978985	0.0344390001727641	TOMM22	343.656938093108	304.801541929712	351.137972509356	191.31016150251	199.479599272478	165.769576504792
ENSG00000100218	gene	0.0594234707706079	0.00100301576538198	0.0077804026660471	RSPH14	0.395999769704434	0	0	12.8935953965517	12.4795453842365	12.0373566711823
ENSG00000100219	gene	6.86544063379429	0.00022377756257641	0.00320233408514518	XBP1	1565.40027501783	1350.79889925231	1304.84752294419	182.372420847094	211.05431013144	191.172661111625
ENSG00000100228	gene	0.344125680219277	0.00576072723569321	0.0262714483825569	RAB36	17.1653285551497	17.6761738850743	15.2207604558072	47.0622615398101	43.5060656445094	60.2989570577064
ENSG00000100234	gene	1.88150060543486	0.00366362313001112	0.0184291345327832	TIMP3	770.875427	665.823914	669.409119	352.91452	373.563232	382.776031
ENSG00000100239	gene	0.578627544511234	0.0279814067235744	0.0863366824556385	PPP6R2	160.215431036455	156.730580816414	159.256283406805	235.147660793045	276.423378045803	328.121377450738
ENSG00000100241	gene	0.393925470968705	0.000415753454062973	0.00480992156247208	SBF1	242.24552171878	222.272739392861	223.0681506458	595.858154218939	589.909420755746	548.840354307595
ENSG00000100242	gene	0.474862916172751	0.00346016953500417	0.0177280290990954	SUN2	251.584901746186	199.88088898274	256.817121040068	525.055780992141	554.627290202959	526.792492254893
ENSG00000100243	gene	1.49741239020352	0.00277157587673504	0.0156490338618373	CYB5R3	275.380036794743	267.812067074167	261.664257460907	170.89643803047	185.09585284363	164.24906940365
ENSG00000100258	gene	1.65834130784225	0.000117464710324144	0.002437392739226	LMF2	253.133959128029	239.771556762279	272.022422792731	160.579077879502	157.268325120825	168.33417897446
ENSG00000100263	gene	1.56458441114163	0.015728230440285	0.0551806159453223	RHBDD3	108.568868175182	115.889696871931	108.836139616788	58.1765588407432	74.5305431128069	68.2740663699403
ENSG00000100266	gene	1.31949687816184	0.00250642517497868	0.014547782484142	PACSIN2	237.512142472771	229.257335038208	244.040100435661	192.550605288538	181.330784615942	179.516864278217
ENSG00000100271	gene	0.422390171269728	0.0367802417777284	0.105772231923074	TTLL1	33.7263375283019	46.4313583544883	58.719328401944	100.165824794168	129.249171463122	119.777196520297
ENSG00000100276	gene	0.0140742800667428	0.00136099746496277	0.00957311776202623	RASL10A	0	0	0	30.1548319598214	79.2821898526786	56.0547512892857
ENSG00000100280	gene	0.789687643815405	0.0253954068276068	0.0807593397199756	AP1B1	237.666596987204	232.486907517036	208.117589895254	277.862019789763	267.042506912959	285.889244169766
ENSG00000100281	gene	1.67291685928884	0.0333250159409724	0.0990237643324614	HMGXB4	86.1874015148185	102.869486074259	83.159664012654	40.3643522987013	51.591045493673	55.7863686914752
ENSG00000100284	gene	0.439259866728848	0.000213724202417831	0.00316769800012142	TOM1	58.9734100468404	53.6294173261795	57.9241558732754	132.913606339295	135.597200643332	131.275035327883
ENSG00000100285	gene	0.0614991221363739	0.000106979180649724	0.00237989924468727	NEFH	29.54524	38.046917	27.39192	427.414459	470.387421	506.005554
ENSG00000100290	gene	21.9701937948425	0.00126992695264971	0.00920251242666076	BIK	15.566455	30.50359	23.958937	0	0	0
ENSG00000100292	gene	3.36123262317619	0.00194996280867255	0.0121689408360768	HMOX1	149.991183085655	135.695289427027	167.355063005405	43.8175895883576	51.9873348365904	42.3611769721414
ENSG00000100297	gene	9.838672025692	0.000129005336055754	0.00261157143722624	MCM5	319.778687687244	244.865887578904	304.931688500954	31.5872924611611	28.9827828552739	34.3698496995094
ENSG00000100300	gene	7.00430200129036	0.00090204899044799	0.00730066485270623	TSPO	400.161123871478	362.551473591065	394.505889712715	71.3317787731959	47.3626227099656	64.9490700639175
ENSG00000100302	gene	0.153668880561147	0.000717043664131167	0.00673387012378107	RASD2	18.331234	21.034245	23.613098	136.438553	160.559845	133.029221
ENSG00000100304	gene	2.28776516671516	0.00849363909169654	0.0348996061688521	TTLL12	262.677714004111	286.707587137819	264.705545529857	98.8182682470792	133.404646010385	91.7879246713544
ENSG00000100307	gene	0.0612164644327552	0.000197904264473969	0.00307658448788992	CBX7	14.9840107670554	19.4022132592146	19.719052212572	294.088313601796	321.713065900952	308.902632817585
ENSG00000100314	gene	0.143831573878906	0.0352017923483327	0.103242005827265	CABP7	4.68924	0	9.488631	58.498192	61.171688	73.087692
ENSG00000100316	gene	3.08393729147559	0.000493613397559711	0.00539077789440211	RPL3	3660.50388763714	3187.9327978076	3241.13427540025	1132.66562593691	1055.24743158429	1133.38095413349
ENSG00000100320	gene	0.425182362119722	0.000538556244005894	0.00551853929043077	RBFOX2	226.206457518274	228.774589343219	206.069215711604	509.35032950689	483.275572273417	526.925678252347
ENSG00000100321	gene	0.0327757488631163	2.07956865483361e-05	0.00107877623969493	SYNGR1	32.8849848740112	41.7071845412052	29.2710121849561	922.563749423414	951.830371894865	961.122525916151
ENSG00000100325	gene	2.25867533910313	0.00018905778931555	0.00307658448788992	ASCC2	106.38826369904	94.7515548930945	113.668284166544	51.3200889854136	48.3399761115214	48.4236212232275
ENSG00000100330	gene	0.469085850624391	0.00317816579147934	0.0170043550171781	MTMR3	87.6455616475815	68.2357625854792	79.5828208974048	178.985527776431	172.260036364132	184.069874562456
ENSG00000100341	gene	0.115117885783909	0.0496531290237504	0.131248716846219	PNPLA5	0	4.86184167610063	0	12.0228975573899	6.57481235849057	5.65234495440252
ENSG00000100342	gene	7.0683559622841	0.0109568276020063	0.0406842098190497	APOL1	104.124030747656	110.620294465189	106.765352272236	7.27477919863597	18.3709394714407	14.609063086104
ENSG00000100344	gene	5.22216892245934	0.00379260031300799	0.0189630015650399	PNPLA3	51.9203562886757	60.5476850680693	52.3097559003713	12.8991136169554	8.26742072246287	8.47578532332921
ENSG00000100345	gene	3.18820938832426	0.000372399173640514	0.00454546050178863	MYH9	1295.54549503449	1128.76137317346	1188.74241603025	408.441087908918	366.924110628642	395.282990162072
ENSG00000100346	gene	0.0139586592566939	0.000195305847698668	0.00307658448788992	CACNA1I	0.884188782431431	1.40524033691623	0	77.6036754633061	83.2753426734618	90.2806229325426
ENSG00000100351	gene	27.0232837083825	0.00304800369702884	0.0164275523930775	GRAP2	42.527712874475	42.107351923748	34.8391505983845	1.42008778529887	0	0.827485136833603
ENSG00000100353	gene	3.90981580482361	0.000857860568999058	0.00730066485270623	EIF3D	796.33844247027	765.837701009828	782.076397757985	201.845581611057	185.793061475184	240.594416321622
ENSG00000100354	gene	0.465151285154407	0.00225223932499841	0.0135113160341725	TNRC6B	113.466478684168	99.6413592759276	100.467764062206	240.712371320832	223.261736142914	213.191153958596
ENSG00000100360	gene	0.796015181378382	0.0485601501796071	0.128769727313335	IFT27	40.2486259540517	38.4507320505681	38.9305041274816	55.7989499747784	46.2538529662879	52.5190825019353
ENSG00000100362	gene	0.0982723454909987	0.00016495256413962	0.00285230475491426	PVALB	100.934941987619	104.139961841905	68.0876598152381	795.218885882857	811.388534475238	698.211481601905
ENSG00000100364	gene	0.431636326724702	0.00108201959005771	0.00823923174080645	KIAA0930	113.855411200619	103.812228335263	98.1699683677014	251.517093775926	235.359746738796	234.27518667911
ENSG00000100368	gene	7.33052021486574	0.00226864072158461	0.0135113160341725	CSF2RB	43.5085383582	49.4582315436	39.022866309	3.1871586522	4.9091712672	5.82699249
ENSG00000100372	gene	2.10179932153707	0.00598379079893929	0.0268461965574033	SLC25A17	124.55500898195	144.74805906894	151.027480680371	75.6262665968915	61.6703043717724	74.7032830538982
ENSG00000100376	gene	1.35494872378597	0.0258681397575353	0.0819486870181463	FAM118A	68.1888290505221	55.7825084064803	73.2299102162162	59.8283426612408	50.8678561832002	51.5784637430897
ENSG00000100379	gene	0.144907057222839	0.00986754503128273	0.0386873801135079	KCTD17	49.8647944289304	36.9017423237617	17.9456649601579	134.356704572505	182.770681624551	191.695670092247
ENSG00000100380	gene	1.21398913411944	0.0123460475498782	0.0441690494241333	ST13	939.063224748493	968.939598449964	949.653474243067	780.827826109477	761.32438517169	824.484637244273
ENSG00000100385	gene	5.38496844901686	0.00120569110894886	0.00885596124272171	IL2RB	5.88000343212766	5.94203272276596	3.23193589276596	0	0	0
ENSG00000100399	gene	0.0172656928063281	0.00657823160364346	0.0287919024970469	CHADL	0	3.51808262793382	1.43805571027318	101.543944442478	104.700760907657	113.111854730666
ENSG00000100403	gene	0.549196955424413	0.000478105912941285	0.00533873544800173	ZC3H7B	188.483304001995	172.846837570166	181.457496103658	329.68150540247	333.976955528836	344.930214176152
ENSG00000100412	gene	0.396877046505735	5.17408708167189e-05	0.00183265656808143	ACO2	374.117170963128	380.793368788914	342.881328442712	884.421426566691	883.723118652314	894.407049991091
ENSG00000100418	gene	0.61762601128883	0.0032259512695364	0.0170543920618803	DESI1	156.808075330853	165.237281656476	139.971967283186	209.297531588496	243.759294959574	238.490033868262
ENSG00000100422	gene	0.703095589682649	0.0239947082090344	0.0774926374066091	CERK	249.719664321588	240.52860609518	241.436416902795	358.251046648441	323.599015658566	401.197275204536
ENSG00000100426	gene	2.71405448407596	0.0073147412784933	0.0310445424912921	ZBED4	116.140915	135.593903	111.293495	35.968178	39.456062	50.14159
ENSG00000100427	gene	0.0285870959380732	5.18887224065789e-06	0.00067839590737695	MLC1	13.7791423935304	13.8236556793111	14.1846111705841	572.692308280196	500.525689124273	540.052492135443
ENSG00000128159	gene	0.568738484141514	0.00546642461452662	0.025347108547805	TUBGCP6	156.167739707634	143.948881992977	133.604870493952	262.02171537287	247.71393897711	228.084447166992
ENSG00000128165	gene	34.3897247139865	0.000112009313977701	0.00238378796414082	ADM2	25.687639	31.624475	37.125187	0	0	0
ENSG00000128191	gene	1.8834784727113	0.00488213038911589	0.0232883231204953	DGCR8	163.089032811893	152.667843282433	156.764772464935	84.7092740657553	88.2049591130554	72.9103550590567
ENSG00000128203	gene	0.208044888355194	0.00343087560282918	0.0176871226729703	ASPHD2	25.970779	24.720137	34.061283	144.383545	139.66037	222.22229
ENSG00000128242	gene	0.139035304015865	0.0271039500440127	0.0848916171189831	GAL3ST1	3.84552688498508	0	4.87648878753729	50.6898978909513	36.8817137517401	38.9860528687438
ENSG00000128245	gene	0.169980331838192	2.44337797630223e-05	0.0011929433649005	YWHAH	595.675298227069	572.629702140237	618.543411312678	3481.18529694904	3707.0334198402	3506.03514516959
ENSG00000128253	gene	0.0897710807621554	0.0359882300088428	0.10468919026032	RFPL2	0	0	0	21.428425174025	4.53851008278146	28.7173269072848
ENSG00000128266	gene	0.0777184870070439	0.000175559034033435	0.00297375506628063	GNAZ	37.4645769523438	27.6859194992188	34.5899798739583	511.431256240104	459.942238064844	451.208818182031
ENSG00000128268	gene	0.0621968160540417	0.000627980001135731	0.0061013179704301	MGAT3	27.5241718596298	16.58760073337	22.0528260916254	394.853110234561	402.197337663735	383.600104338281
ENSG00000128272	gene	2.34897141648587	0.000519857944531354	0.00541428275558958	ATF4	2363.18574088067	2095.99614943795	2173.76965046301	977.706685071599	943.41925490175	933.409907811058
ENSG00000128274	gene	4.23534318691439	0.0242130803185781	0.0778947932729449	A4GALT	54.508839987088	50.1109945436629	41.7241970577642	12.7160113588175	11.2674299714577	5.23730941930003
ENSG00000128285	gene	0.0201968690968951	0.00857161327878986	0.0350464976423428	MCHR1	0	6.61158839344816	0	36.5272700439041	48.4250892299899	44.7225393505572
ENSG00000128294	gene	1.45266904979113	0.0199984511937323	0.0666615039791078	TPST2	51.944888298117	38.3370133758804	58.8516835273825	44.4598115588616	37.0705147514733	39.0417940861003
ENSG00000128309	gene	2.51607931400643	0.00281830255844961	0.0158053454291431	MPST	85.3580126840237	68.7404322900887	85.3031564670118	40.5768958465976	29.5866126886095	37.169578647929
ENSG00000128311	gene	2.04994809876583	0.00619370940693675	0.0276385957406317	TST	205.114835013423	194.388292994837	138.707422862158	73.0876387356737	76.7020743309241	72.8776281605576
ENSG00000128322	gene	9.31522007316245	0.0190640015754608	0.0643216313318394	IGLL1	3.04266304646018	0	11.2373377809735	0	0	0
ENSG00000128335	gene	0.596059244003679	0.00127504690248914	0.00920251242666076	APOL2	167.662937435419	195.266014813146	159.083319241963	255.06517591791	276.766278948909	271.782075832951
ENSG00000128340	gene	8.92431466969228	0.000861778815742342	0.00730066485270623	RAC2	190.10139507109	191.350119031991	188.303039812006	23.1040710039494	21.3208304478673	15.5340887109005
ENSG00000128342	gene	23.7393589014323	5.61724919849738e-05	0.00183265656808143	LIF	172.596451	154.880875	138.323944	5.051208	5.162466	5.706755
ENSG00000130540	gene	0.00882259692422956	0.00010518241733537	0.00237989924468727	SULT4A1	6.88168328220428	11.6967602850123	5.70058014917515	849.544160616357	765.903082428922	768.90212542822
ENSG00000130638	gene	0.497716958000072	0.00394758319722222	0.0195029407958002	ATXN10	164.805744885053	190.102061959788	173.325261603178	328.917819116712	335.379260597882	380.771358339153
ENSG00000131100	gene	0.346068290628317	0.000221438534550256	0.00320233408514518	ATP6V1E1	334.914892531445	346.441760728518	321.121949254047	1003.68773707597	929.121449593088	903.352529358966
ENSG00000133424	gene	0.287010024503686	5.99462996915268e-05	0.00183265656808143	LARGE1	33.80521298297	31.6904900991859	38.6657241584168	129.97845688238	130.397359562459	139.769005088332
ENSG00000133454	gene	37.0033179355018	5.7686696385062e-05	0.00183265656808143	MYO18B	35.0596082570575	48.8829071294045	33.0720867406759	0	0	0
ENSG00000133460	gene	0.39066408205566	0.0189242388070089	0.0641222772626233	SLC2A11	16.9316278143982	29.4362360006749	20.6135852686164	55.7423289370079	50.8042120200225	46.5935895130484
ENSG00000133466	gene	7.00718973901713	0.00269473284183541	0.0153193716350917	C1QTNF6	56.4358723071539	57.4749572137757	53.3514190302394	8.06023503303934	5.49699634607308	9.9799589052219
ENSG00000138867	gene	3.54645594523449	0.00174832213838849	0.0112488943787787	GUCD1	369.315688314197	304.491300559726	325.131728034003	111.913968554206	86.3854714442482	99.765314732612
ENSG00000138944	gene	0.520933334231801	0.000359593315546136	0.0044938571904514	KIAA1644	104.901062	104.668854	100.662453	185.298935	199.249588	201.283875
ENSG00000159873	gene	1.91623042716122	0.0110983626415634	0.0406842098190497	CCDC117	261.29009616736	257.893316086916	203.650488296348	125.352921811142	115.124224320851	98.3942352110495
ENSG00000161179	gene	3.84800185931341	0.00131742727984574	0.00934585164335012	YDJC	382.841572889396	312.718050258837	368.105694486317	85.2264744794755	97.8406130450399	105.665028039909
ENSG00000166862	gene	0.0125305561503015	9.3252974732505e-05	0.00224596310589607	CACNG2	0	0	0	79.2448522878412	70.3762576823821	103.866327473945
ENSG00000166897	gene	0.129331266309778	0.000984951785117927	0.00777308466793534	ELFN2	9.49117546834434	10.1547753378501	15.5780091739923	110.490840655773	115.210357921886	103.540767017877
ENSG00000167037	gene	0.0315039355569236	8.19307937508507e-05	0.00212507996291269	SGSM1	2.19309456558615	2.11435645346811	3.67769122307424	134.044328193447	134.14414294214	127.648761680609
ENSG00000167074	gene	0.0603664765461006	0.000153918791783614	0.00277710843299011	TEF	41.7369238854719	45.9147431838812	29.818817740403	595.56253921315	541.5846126579	555.741446142524
ENSG00000168135	gene	0.0360230328706166	0.0109623949897375	0.0406842098190497	KCNJ4	4.911345	0	9.252787	264.545441	262.296051	221.101349
ENSG00000169184	gene	2.31290409725494	0.0306154707369035	0.093080002606703	MN1	68.9429019784219	74.1720060652541	83.1745085251527	48.0243821728844	30.3848613763161	29.3081475824776
ENSG00000169548	gene	27.5654244837044	0.000150036846789936	0.00277710843299011	ZNF280A	22.454718	31.449739	28.613049	0	0	0
ENSG00000169635	gene	3.98380931072673	0.00418022519641625	0.0204093347825029	HIC2	129.015296980191	95.2805347527358	101.190240368472	32.8058251059704	23.5464307688045	29.0583712314725
ENSG00000169668	gene	0.549912514411172	0.0427989394963357	0.117169727356015	BCRP2	1.3855302370112	2.16986373324766	0.815462194786121	1.11186089113273	1.97697957628052	1.83706816082247
ENSG00000170638	gene	2.47953414734632	0.000905986120275593	0.00730066485270623	TRABD	154.61672661941	162.568536989851	155.319756986997	62.7601722600698	63.9789757066286	54.1738722699017
ENSG00000172346	gene	0.00945983326233875	0.00366114006055951	0.0184291345327832	CSDC2	5.55128281230769	3.15120203169231	0	183.889377749846	188.042223341846	152.393846393231
ENSG00000178026	gene	0.613924192712641	0.0453746601797628	0.123214492582398	LRRC75B	26.749835421391	38.0894044161309	32.2823826025716	43.6841402773232	52.5448599611338	51.6129453980129
ENSG00000179750	gene	83.6225139723029	1.02398559209682e-06	0.000283302680480121	APOBEC3B	86.1722752120253	94.4867762093882	78.4551027183544	0	0	0
ENSG00000182057	gene	15.7776738452528	0.00111740259394566	0.00843131048158998	OGFRP1	22.9093572239835	15.7180605609924	12.3122232722261	0	0	0
ENSG00000182902	gene	0.0242753842494374	0.00670086501348588	0.0289672810478817	SLC25A18	0	0	5.39369846867749	173.993713789496	157.464531712508	131.490374324615
ENSG00000182944	gene	1.66094570276801	0.00575506385400848	0.0262714483825569	EWSR1	381.275618283169	403.978923361515	408.917840886306	268.644332443541	224.702756987701	255.096519022855
ENSG00000183172	gene	0.439157475551867	0.0128348546328723	0.0457207268037939	SMDT1	59.5387989428076	49.1750676083189	65.2537301455806	120.361974303293	159.678281862507	146.269728071057
ENSG00000183307	gene	0.110057697890099	0.00227901716239054	0.0135113160341725	CECR6	8.0699565409351	5.64935825606629	4.14004382442296	42.5928608644703	63.7591205243638	45.0266626490432
ENSG00000183506	gene	1.27873416543816	0.0270700746829082	0.0848916171189831	PI4KAP2	99.3661276689858	94.3156224539738	87.6062262898047	74.4383848802515	68.2642638861386	73.1789819991972
ENSG00000183579	gene	0.553950418442126	0.010866266811928	0.0406842098190497	ZNRF3	63.1439214590987	76.5020941404994	57.200331092279	112.549150870121	100.419951383324	111.309275205941
ENSG00000183628	gene	0.182697270868342	0.000735752045944116	0.00678526886815129	DGCR6	17.7428682282402	23.507629217978	22.0566368709616	116.732335929304	120.851614714937	110.152419245914
ENSG00000183741	gene	0.25910612485806	3.74101370304025e-05	0.00163423230185443	CBX6	198.411559821544	190.806583555666	193.031069647198	766.899262921295	732.319818595268	797.597054134869
ENSG00000183765	gene	31.783726588944	0.0372504173152659	0.106246894748009	CHEK2	99.0747311347175	114.206481070739	113.025904624577	0	8.58391985272815	0
ENSG00000183773	gene	0.0746525273710568	0.000254815897471006	0.00353632389589253	AIFM3	5.95677223828921	6.97951817107943	9.19796669283466	129.782119760044	110.359086481577	142.17265436197
ENSG00000183785	gene	0.00751241354121849	0.00201930725039512	0.0125076493867757	TUBA8	3.17235127712167	1.55628324251579	0	193.984142963746	192.52235973304	220.943720638561
ENSG00000183864	gene	0.435785869038457	0.00213722665757321	0.013130908954041	TOB2	163.221203896824	160.571930629354	161.275910080175	370.029602564074	396.687642824096	321.470592991238
ENSG00000183963	gene	2.55074667350083	3.9541965833445e-05	0.00164099158208797	SMTN	60.9962680569225	59.2250952170475	70.3576470589729	27.1637866122828	25.2030393272798	26.4546968275727
ENSG00000184058	gene	10.2020693427252	0.00543637714107659	0.025347108547805	TBX1	5.66031535040046	13.9375186301487	9.59175055635011	0	0	0
ENSG00000184113	gene	0.00650425548460192	0.000521858578852008	0.00541428275558958	CLDN5	0	1.94135346369204	0	142.793126859726	163.556386697579	123.941562771654
ENSG00000184117	gene	1.48558153242315	0.0106831466479334	0.0406842098190497	NIPSNAP1	443.005003448321	420.124942258885	404.235251890447	287.534815599283	265.547532486469	306.288006686338
ENSG00000184319	gene	0.429459676336975	0.0015438920367391	0.0102514431239476	RPL23AP82	36.6409348216471	35.7563447167059	42.1854089454118	91.6748279101176	92.4935194515294	109.802549867765
ENSG00000184702	gene	0.152417869845943	1.69752889517261e-05	0.000939299321995509	SEPT5	125.822450710687	129.829529279675	128.523694443186	798.59786939956	875.794355076767	812.238566517247
ENSG00000184708	gene	0.490679412228872	0.00324933955843187	0.017069315401889	EIF4ENIF1	54.6997001780079	65.0804564575937	55.6790235931953	121.864201180473	109.36808205309	115.505288407133
ENSG00000184792	gene	0.49663898621911	0.0480130577191573	0.12855109002226	OSBP2	63.7201476086567	44.181601960597	57.202178941194	144.775608423582	122.264722452985	96.8947054256716
ENSG00000184979	gene	3.10880667278897	0.0111268862999088	0.0406842098190497	USP18	65.87188	43.673161	50.228031	15.344391	18.806366	14.28082
ENSG00000185133	gene	0.104288996040792	0.00656060657513924	0.0287919024970469	INPP5J	4.79045685607632	8.02996847863957	12.6931023882207	104.538042835545	106.560312948569	87.0453128177105
ENSG00000185252	gene	1.58407587995982	0.0107643029725476	0.0406842098190497	ZNF74	76.2549859848024	76.801593912814	72.4930790380739	48.9713284548072	42.8327272714766	51.6378395395937
ENSG00000185339	gene	1.31809493107646	0.0269594870279934	0.0848916171189831	TCN2	80.9794352389494	99.4077461547085	67.9434880797566	50.2035262556054	54.6070985832799	54.9660206361307
ENSG00000185340	gene	0.310116105109433	0.00130779582246732	0.00934585164335012	GAS2L1	31.7329524293684	29.9315526346798	38.8521670966302	138.488587644276	117.758297470654	110.836511975006
ENSG00000185386	gene	0.21768834960146	0.00303102798242028	0.0164275523930775	MAPK11	36.4015199698661	48.680797609747	48.999585094494	176.534368505952	220.84019985119	220.362395655134
ENSG00000185608	gene	2.03380041553871	0.00160706850656911	0.0105028886649792	MRPL40	237.352491921628	209.860107786768	218.036961632061	117.774884616794	104.571668831043	114.024344019847
ENSG00000185666	gene	0.0724584928080248	1.38464468015798e-05	0.0008208964889508	SYN3	8.30904795481264	10.1948260518001	7.55763347281411	106.569186580639	129.854866225937	105.999595799963
ENSG00000185686	gene	856.085801133076	3.33048396161661e-06	0.000552860337628358	PRAME	952.382178609271	802.713256797086	816.290700797086	0	0	0
ENSG00000185721	gene	1.14667138416831	0.0420777703154216	0.115644203184768	DRG1	376.874414787033	420.372556181732	361.598238593469	307.022051419782	319.645256996687	326.141831401325
ENSG00000186716	gene	0.607792677175694	0.0214820654143233	0.0701973003696391	BCR	117.32678004278	102.153862392445	108.475465321091	155.791025554201	195.746517198483	185.876112155138
ENSG00000186732	gene	0.00689256570949662	0.000509993836946387	0.00541428275558958	MPPED1	0.895788463837829	0	0	169.185176661227	172.220306471912	177.683216052912
ENSG00000186976	gene	0.0774891290006708	0.000632184753562637	0.0061013179704301	EFCAB6	2.00786073448639	1.00351017482763	1.38812305130303	30.871026325932	32.6825821071637	30.0173320053757
ENSG00000186998	gene	0.296539018472791	0.0466327567095036	0.125666195028857	EMID1	8.22226197999592	5.10568386711574	6.53280402796489	16.8623572571953	26.5115784047765	39.462152476832
ENSG00000187051	gene	0.885185670484399	0.00912616648385156	0.0367704766096932	RPS19BP1	148.885441477279	162.721046544778	131.425161591815	151.388761578262	157.684722437683	145.696413107627
ENSG00000188130	gene	1.46169503025066	0.0201721028893125	0.0669713815925174	MAPK12	67.836501228247	70.8823114814304	85.1040289604202	63.2007078781834	49.3122341687182	58.9725098359508
ENSG00000188511	gene	7.23370301755743	0.0334056072446858	0.0990237643324614	C22orf34	18.3954403861723	16.3053799645442	16.4987962928054	1.6099791348796	2.59457033298862	0
ENSG00000188636	gene	0.627042083880273	0.0193460183363113	0.0649800871619983	LDOC1L	190.625092	174.499298	168.862534	261.19989	307.10144	237.611053
ENSG00000188677	gene	1.33130189090292	0.0310983024532328	0.0939637739962254	PARVB	102.49584646265	122.591579366608	101.274439095907	80.4612221661489	75.7697928650547	71.1725928211536
ENSG00000196236	gene	2.34819544305543	0.000417246207828903	0.00480992156247208	XPNPEP3	70.7292615913934	70.6113445120117	69.4276709079799	26.7121843338208	29.9272148811364	29.8620407691665
ENSG00000196419	gene	2.05183036952787	0.000949681597987251	0.00757918967624441	XRCC6	1893.00129275943	1847.20274612044	1726.96162277007	924.40798886101	844.781578351277	848.223662777676
ENSG00000197077	gene	0.671361904115444	0.00663154919699549	0.0288177268769961	KIAA1671	43.4857064666342	37.8106447875175	43.7740383033031	67.3754933980169	66.4540374482025	62.461751672547
ENSG00000197182	gene	0.320802281209225	0.000722065591586163	0.00673387012378107	MIRLET7BHG	39.8754423290852	48.7494107915503	36.7748511492668	100.812101755063	134.765417049057	102.785492603352
ENSG00000198062	gene	16.528556051757	0.0208281567547866	0.068422530079028	POTEH	15.1318892734409	19.8712704300044	24.3733042354993	0	0	2.86911107021369
ENSG00000198089	gene	0.778264292062101	0.0292034226628952	0.0894422170118193	SFI1	44.6385607832265	43.4016831540168	48.0942240055035	69.7408220185642	56.152060915147	64.0503604955643
ENSG00000198125	gene	25.1911318037486	1.2845599586031e-05	0.0008208964889508	MB	17.0404423090406	20.857850204797	15.8784324741697	0	0	0
ENSG00000198355	gene	1.55037862981964	0.00808168354439909	0.0337075243309108	PIM3	271.989521238115	263.278364913044	235.673696385616	156.613430655425	153.772403356359	170.248157294189
ENSG00000198792	gene	0.538159079714323	0.00087859764962761	0.00730066485270623	TMEM184B	117.019094383616	128.50190942161	126.679069463983	238.585441929944	228.366208586158	228.176694274718
ENSG00000198832	gene	0.157420956737621	0.000255637871992231	0.00353632389589253	SELM	31.2910172902416	32.7653559742705	28.4876329350486	216.235412794478	185.199714439598	180.684006862567
ENSG00000198911	gene	0.643536158592819	0.00880448800795275	0.0356474392517111	SREBF2	353.378479799788	309.799123557761	357.591453305809	517.173208151383	577.189497314013	546.326390280799
ENSG00000198951	gene	2.46263942163177	0.0392156517606433	0.110335562580793	NAGA	168.516688666487	183.080068732596	173.110999228009	56.6625865002698	63.9650219163519	102.70782819401
ENSG00000203280	gene	0.0957796467012659	0.0402737093615545	0.112549423468317	CTA-221G9.12	0	0	0	3.005166	11.013931	19.066298
ENSG00000205593	gene	0.182483856928102	0.0019112513220676	0.0120177166463341	DENND6B	26.5198231149115	21.0987489422072	18.6160367843302	107.981902577591	132.893358745409	94.7995398446504
ENSG00000205704	gene	0.0115145241370927	0.000785437216177076	0.00708600966768449	LINC00634	0	0	0	148.302041527942	63.3973986456279	102.912784318212
ENSG00000206195	gene	32.2689230904414	0.0119950705432346	0.0432629035350506	DUXAP8	185.967682980884	206.534637675744	178.999778802885	14.5085006059513	2.09645561550947	7.62952936122633
ENSG00000211660	gene	49.5328660073722	6.53875573375373e-06	0.00067839590737695	IGLV2-23	50.481564	43.078056	47.577194	0	0	0
ENSG00000211666	gene	1815.27829649077	5.73496765921e-06	0.00067839590737695	IGLV2-14	1562.10022	1948.880005	1934.147827	0	0	0
ENSG00000211675	gene	595.03542948888	0.0194157368869585	0.0649800871619983	IGLC1	1291.120361	1071.967896	1143.512329	19.109434	0	0
ENSG00000211676	gene	73.2715398251797	0.0189276601558346	0.0641222772626233	IGLJ2	122.909714	223.73587	108.636948	5.287417	0	0
ENSG00000211677	gene	16527.578909813	0.0031959992562407	0.0170043550171781	IGLC2	30979.332031	28010.439453	27830.121094	10.01405	0	0
ENSG00000211679	gene	12025.7319421804	6.27204046477203e-08	5.20579358576079e-05	IGLC3	12493.318359	11709.200195	11826.811523	0	0	0
ENSG00000211685	gene	89.0389400778126	0.000546679419415219	0.0055334624160321	IGLC7	125.69809	64.2211	75.243752	0	0	0
ENSG00000213279	gene	10.4861708730728	0.00815186320823857	0.0338302323141901	RP1-29C18.9	10.213897	2.616055	8.87485	0	0	0
ENSG00000213707	gene	2.66142077822977	0.0274857494320675	0.0854425918674757	HMGB1P10	52.421356	82.908157	43.6101	12.600262	16.637249	21.033712
ENSG00000213888	gene	0.246801280932712	0.00980794932878126	0.0386873801135079	LINC01521	15.7664938322182	32.13245726351	10.2926715481215	48.574629268142	48.4444778142048	52.2402289377252
ENSG00000214076	gene	0.138933528672269	0.00977931260816001	0.0386873801135079	CPSF1P1	5.728929	11.690318	13.745608	95.970139	77.044708	86.968987
ENSG00000219438	gene	0.0649096373082823	0.000108959242527851	0.00237989924468727	FAM19A5	25.5869569669083	30.3277944541443	20.1327068707847	362.398319548377	334.869832835802	351.49953508919
ENSG00000221890	gene	0.0909062513922193	0.000200163328127778	0.00307658448788992	NPTXR	50.967022	66.515099	45.779922	566.224976	512.468933	518.544983
ENSG00000221963	gene	3.16224343658209	0.00331234046126883	0.0172908338544222	APOL6	144.127533	123.79805	128.320755	51.375027	37.564476	41.884674
ENSG00000222037	gene	497.1002738608	2.87180268954135e-06	0.000552860337628358	IGLC6	524.983459	437.764587	482.800629	0	0	0
ENSG00000224271	gene	1.6510811023957	0.0208565061566194	0.068422530079028	RP11-191L9.4	43.4261915114235	57.9083165615114	31.6491222073814	20.2143767609842	20.3567616893673	20.7086858831283
ENSG00000225450	gene	18.6318019089381	0.0354682457082665	0.1036571969643	RP3-508I15.14	11.833995	0	18.884436	0	0	0
ENSG00000225465	gene	0.00797717110071935	0.00470314959894402	0.0225642437405985	RFPL1S	4.09931298150215	0.948477454951363	0	226.812162666241	182.750354046882	219.413134701005
ENSG00000225783	gene	0.0673703763736134	1.16244183767655e-05	0.0008208964889508	MIAT	26.0749217074315	27.6805369292482	29.4904845853107	456.854549189222	419.162908098827	459.479315382877
ENSG00000233080	gene	24.9239751797074	0.0129945415477548	0.046091749934344	LINC01399	20.792486	2.2502	23.763565	0	0	0
ENSG00000233388	gene	12.7144806433384	0.038718889515459	0.109681495897034	RP4-569D19.5	8.836604	0	12.084858	0	0	0
ENSG00000233521	gene	10.3441141637091	0.0361997561502553	0.10468919026032	RP5-1172A22.1	6.79202458666667	0	9.83111753948718	0	0	0
ENSG00000233903	gene	36.1180240530957	0.000580768810229726	0.00573854895822229	Z83851.4	45.82888	25.585497	31.143837	0	0	0
ENSG00000234353	gene	9.81076046802746	0.00659091743908302	0.0287919024970469	AP000347.4	11.527053	35.8524242108168	8.23276	0	0	0
ENSG00000234688	gene	0.0466412951317587	0.0113339354827759	0.0410793294790569	RP1-293L6.1	0	0	0	42.377007	10.98328	42.828133
ENSG00000235513	gene	0.131652518660561	0.0165452756828481	0.0574584887730709	RP4-756G23.5	0	0	2.885412	20.943686	19.934309	16.216282
ENSG00000235786	gene	0.0815713349908525	0.0273319367232618	0.0852838627079223	ZNRF3-IT1	15.472857	16.539162	0	10.29637	41.443653	19.243036
ENSG00000235954	gene	0.519991104080085	0.047491727915	0.127566777247411	TTC28-AS1	19.8648963963764	26.4410839700499	16.6059462197264	28.9995560844888	33.2977308087447	43.5739713019967
ENSG00000236670	gene	2.42091853375151	0.0321688902714963	0.0963905376366134	KRT18P5	33.261173	14.218296	47.941692	27.235771	14.640415	17.72665
ENSG00000237037	gene	0.154687042526104	0.000288346103642478	0.00374437931368155	NDUFA6-AS1	17.5636760537841	18.81103162063	14.8674574095275	118.01300652305	104.723071158279	96.9647562896658
ENSG00000237517	gene	0.0320058571669404	4.1780030105576e-05	0.00165130595179181	DGCR5	6.31582805990134	5.06604489217759	6.10038510500352	227.572856229387	230.422608675123	203.67651529845
ENSG00000239713	gene	3.57285243717928	0.0181034546973955	0.0620903611522242	APOBEC3G	36.3558858322332	27.3957216833517	21.2149651226623	8.09475927081041	6.24669563017968	4.62682439255592
ENSG00000239900	gene	3.62960656823231	0.00106437693405304	0.00817993384503721	ADSL	210.817364371396	177.587746216285	172.452227952609	51.3007018177472	47.5258256840107	53.7291963782872
ENSG00000240972	gene	2.64463495025801	0.000565102971446629	0.00565102971446629	MIF	1936.30910289811	1841.39838107665	2273.42606027232	832.2372637367	834.357393016231	784.219643850316
ENSG00000241838	gene	8.49862351320947	0.000206220636393084	0.00311205687647745	LA16c-3G11.7	7.363133	10.233119	7.628056	0	0	0
ENSG00000241878	gene	0.343713492570288	0.0011708569265888	0.00867688615239917	PISD	127.374113332067	113.116041593163	107.746475076769	318.964719152539	325.283449406437	359.953435219912
ENSG00000241973	gene	0.233978533304159	0.00026450270385836	0.00359897121643343	PI4KA	166.958411419392	182.959423206803	176.208328869028	821.467429113614	719.587190335759	725.680107642237
ENSG00000242247	gene	1.61503517372053	0.00733100039553403	0.0310445424912921	ARFGAP3	248.393636047323	279.225145606921	207.218548229222	134.55745740491	143.92537432239	112.191494603372
ENSG00000242251	gene	11.5539303118088	0.0035875598937033	0.0182679430170168	RN7SL20P	7.81274	17.904581	12.116097	0	0	0
ENSG00000243156	gene	0.305863818265989	0.000860473754207058	0.00730066485270623	MICAL3	51.0310100172676	46.28250267791	52.6540952925204	155.861580463586	174.555630162342	189.69889512056
ENSG00000243453	gene	14.9580492047447	0.0158163533380217	0.0551806159453223	COX7BP1	9.354129	0.803519	15.328081	0	0	0
ENSG00000243902	gene	0.0860384414911788	0.000157257947410283	0.00277710843299011	ELFN2	0	0	0	8.20354320113315	11.0166641359773	9.11882398961284
ENSG00000244509	gene	13.5652294099745	0.00160583791489832	0.0105028886649792	APOBEC3C	130.345505	109.153008	109.093895	11.565315	6.336196	7.395883
ENSG00000251322	gene	0.0641882148348129	7.0191525855412e-05	0.00187932149870942	SHANK3	24.6140123118799	19.5630319149906	23.4845009855189	395.015347558863	392.490828673237	365.936487708233
ENSG00000251357	gene	47.4011282008134	5.83546719837846e-05	0.00183265656808143	AP000350.10	41.457169	28.437067	47.894276	0	0	0
ENSG00000253352	gene	1.43212305541841	0.0158228754156466	0.0551806159453223	TUG1	497.894639958928	468.490381532901	412.5276359261	319.796318836008	299.896573311939	296.231429628735
ENSG00000260924	gene	4.35157723987331	0.0391058107203515	0.110335562580793	LINC01311	31.231979	32.493462	32.924862	14.941374	4.282868	8.097568
ENSG00000261675	gene	0.00577041486791228	8.03442685559652e-06	0.000686191282433968	RP5-1119A7.17	0	0	0	158.08577	187.272308	153.102982
ENSG00000269220	gene	7.25544755236031	0.031132575721641	0.0939637739962254	LINC00528	1.907097	6.200281	9.582988	0	0	0
ENSG00000271127	gene	22.0452297654419	0.0454260659400167	0.123214492582398	LL22NC03-N64E9.1	48.781219	38.765785	69.51754	0	6.025337	0
ENSG00000271672	gene	11.3815186266662	0.0279514838882072	0.0863366824556385	DUXAP8	23.681339	9.426213	10.174064	0	0	1.716759
ENSG00000272942	gene	6.86555756611445	0.00218165715967622	0.0132173389965786	CTA-246H3.12	5.828628	2.742025	5.755124	0	0	0
ENSG00000272954	gene	12.3037884142416	0.00423356803233454	0.020548897466887	KB-1440D3.13	21.888149	53.314053	8.961022	0	0	0
ENSG00000272977	gene	0.244380199961684	0.00234621787515565	0.0138110697615546	CTA-390C10.10	11.862153	14.070899	4.13969	20.677252	32.013542	19.615448
ENSG00000273032	gene	0.0753494121097636	0.000865933255787432	0.00730066485270623	DGCR9	6.624989	2.871973	9.604356	143.190414	124.135521	129.028564
ENSG00000273076	gene	23.2404905222559	0.0315664983507755	0.0949282377939988	RP3-508I15.22	12.910524	0	25.10857	0	0	0
ENSG00000273145	gene	12.1111316319439	0.0418694613358681	0.115453996374653	CITF22-92A6.1	4.32009	30.709286	16.516121	0	0	0
ENSG00000273164	gene	0.0155880001175618	0.00114897817735327	0.00859145844327217	AC000095.11	0	0	0	94.658829	43.927814	101.768555
ENSG00000273188	gene	0.0248732749774717	0.0018060796489634	0.0115311239126125	RP3-402G11.25	0	0	0	25.437761	57.150459	23.807415
ENSG00000273289	gene	0.0129991491635234	0.000845379775747279	0.00730066485270623	RP6-109B7.5	0	0	0	62.719147	102.574028	43.57803
ENSG00000273295	gene	1.49262639514831	0.0015390445740624	0.0102514431239476	AP000350.5	21.307898	21.878731	22.574537	14.04373	14.494979	15.222165
ENSG00000273342	gene	13.9702430538656	0.000885289463015027	0.00730066485270623	KB-1440D3.14	10.464186	17.86401	14.297768	0	0	0
ENSG00000273350	gene	0.0208545953513262	0.0156879189251304	0.0551806159453223	RP4-539M6.20	0	16.895525	0	23.71578	72.891052	23.437401
ENSG00000273366	gene	21.860717342675	0.00341493147906213	0.0176871226729703	CTA-989H11.1	25.240927	8.248606	18.749413	0	0	0
ENSG00000278195	gene	0.264733406850011	0.0070163157132298	0.0300182579483543	SSTR3	13.3674727715107	15.438900508737	14.6299583499226	53.1906829904888	50.6951741428887	78.8812899573103
ENSG00000278420	gene	22.8910607846261	0.0108891863047644	0.0406842098190497	MIR6819	20.942892	118.170357	23.492216	0	0	0
ENSG00000279010	gene	0.53095142544265	0.00152861890282341	0.0102514431239476	MIR4534	16.0545883594925	17.2484233346657	17.9440387103671	35.060051	33.725468509553	31.8580837055998
ENSG00000280216	gene	0.0317999370712376	0.00244792109629766	0.0143082711966694	RP3-333H23.9	0	0	0	18.612345	31.619429	46.066067
ENSG00000280623	gene	138.451639849688	0.00215157062379467	0.013130908954041	PCAT14	166.092634701894	180.965148846263	177.647248661169	0	0	1.90418343819996
ENSG00000281538	gene	0.0302186618185182	0.0230609877261807	0.0747680461434765	RP4-669P10.20	14.53151	7.92797	0	69.213051	73.028709	66.056885
ENSG00000283366	gene	0.0108675140514823	6.18245589232291e-05	0.00183265656808143	AC000095.12	0	0	0	111.505757377604	87.8806599322917	80.2858037109375
ENSG00000283406	gene	0.0229215536836691	0.000482415853735096	0.00533873544800173	DGCR5	0	0	0.801061	71.602631	52.001045	107.893158
ENSG00000283633	gene	3.30617407902638	0.0415276068298598	0.114893045562612	AC005301.9	31.0004702536633	27.6621208440247	29.4696347723868	5.27277039433409	12.3594868065777	4.86597396808857
ERCC-00002	gene	0.550052234633047	9.47092875980271e-05	0.00224596310589607	ERCC-00002	82800.007812	77633.90625	81878.164062	149335.546875	148909.65625	151295.28125
ERCC-00003	gene	0.62986908573061	0.00868223611301244	0.0353247841852957	ERCC-00003	7613.513184	6899.316406	6819.250488	12235.969727	10622.709961	11587.179688
ERCC-00004	gene	5.17404290523962	2.91648232346731e-05	0.00134482240470992	ERCC-00004	38537.09375	40296.695312	36390.671875	7348.826172	6988.052246	7300.382324
ERCC-00009	gene	1.08762900478578	0.0368874811993611	0.105772231923074	ERCC-00009	3057.787598	3050.852539	2877.765137	2713.05127	2667.930908	2725.010498
ERCC-00022	gene	0.701173105288231	0.0429151772484682	0.117169727356015	ERCC-00022	1175.242432	877.177551	1047.916748	1659.624634	1468.901733	1665.181274
ERCC-00042	gene	1.30290750785063	0.0110398988596346	0.0406842098190497	ERCC-00042	3166.329346	3330.293945	3405.391357	2743.03418	2492.276611	2539.451172
ERCC-00043	gene	0.666872059858265	0.00299472116198052	0.0164275523930775	ERCC-00043	4754.540039	4484.351562	4416.929199	7069.891113	6561.499023	6990.277832
ERCC-00044	gene	0.690415229020749	0.0369565629610741	0.105772231923074	ERCC-00044	684.834595	579.845764	568.278992	797.808289	935.612671	795.815247
ERCC-00046	gene	0.655254694766881	0.0120406394175864	0.0432629035350506	ERCC-00046	16066.943359	15020.538086	14352.272461	25021.091797	21542.476562	23046.333984
ERCC-00074	gene	0.79517505225413	0.0105969954944924	0.0406842098190497	ERCC-00074	130017.648438	139259.390625	127316	165531.765625	157198.0625	165075.140625
ERCC-00076	gene	0.5903478847621	0.0112136849083031	0.0408217476925069	ERCC-00076	886.520874	747.369202	807.93042	1270.565063	1462.514404	1435.964233
ERCC-00078	gene	0.505309913148833	0.0176303902947303	0.0609717664359425	ERCC-00078	193.37207	171.721893	163.971268	337.008942	315.198425	423.117279
ERCC-00092	gene	4.59855230078962	0.000288723224187493	0.00374437931368155	ERCC-00092	1353.991577	1465.529663	1400.131714	265.122559	325.896149	279.150879
ERCC-00095	gene	3.78488756150684	0.00148942448314193	0.0101329698443263	ERCC-00095	1364.688721	1360.509033	1222.028809	288.403687	382.683716	270.406952
ERCC-00096	gene	1.09127314351547	0.032676471029468	0.0975592480376204	ERCC-00096	87559.273438	83030.171875	83959.640625	78165.21875	77968	77576.867188
ERCC-00108	gene	5.14184808905325	0.000274594141797202	0.00367601834986577	ERCC-00108	3879.869873	3707.334717	4106.010742	876.660156	707.515198	912.297729
ERCC-00111	gene	0.674269603333298	0.00796502031752722	0.0333887215330686	ERCC-00111	2896.509033	3086.615967	2802.936523	4431.475586	4249.067383	3813.490479
ERCC-00112	gene	0.524972869194291	0.00297441094354478	0.0164275523930775	ERCC-00112	824.565125	881.527283	717.829956	1333.149536	1414.525879	1530.135498
ERCC-00113	gene	0.746696156569199	6.04553529024443e-05	0.00183265656808143	ERCC-00113	25668.357422	25215.773438	25850.289062	35101.828125	34107.289062	35166.796875
ERCC-00116	gene	4.70910146500971	0.000426677569253409	0.00485126551342917	ERCC-00116	2264.117676	2250.063965	2596.431152	637.986023	485.072845	545.140259
ERCC-00130	gene	4.27786021391885	6.41745235316904e-05	0.00183671912176907	ERCC-00130	144890.65625	134115.6875	137820.09375	31847.195312	33687.1875	31301.771484
ERCC-00131	gene	3.49916298930035	0.0110127588139545	0.0406842098190497	ERCC-00131	880.319031	731.60376	887.736145	200.288177	307.78891	199.487411
ERCC-00136	gene	4.62192862669325	0.000146050343279747	0.00277710843299011	ERCC-00136	9495.848633	9435.859375	8959.419922	2077.718506	1999.512573	1792.656006
ERCC-00145	gene	0.719237345867115	0.00984873321383861	0.0386873801135079	ERCC-00145	3179.027832	2979.964355	2922.588379	3847.026855	4371.286133	4013.441406
ERCC-00160	gene	0.45491759145464	0.0482392645398365	0.128741445556477	ERCC-00160	69.934067	84.399826	62.87566	87.174904	186.11734	123.96273
ERCC-00170	gene	6.03366606942045	0.0177717029032758	0.0612054498328585	ERCC-00170	79.387604	89.599998	75.456764	10.049932	9.646677	22.783976
